generated_at,fantasypros_id,espn_id,player_name,pos,team,ecr,sd,best,worst,pos_rank,r2p_pts,player_opponent,player_bye_week,scrape_date
2026-09-22T18:29:37.317603+09:00,17298,3918298,Josh Allen,QB,BUF,1,0,1,1,QB1,24.1,vs. DET,7,2026-09-21
2026-09-22T18:29:37.317603+09:00,17233,3916387,Lamar Jackson,QB,BAL,2.44,1.1,2,9,QB2,22.5,vs. NO,13,2026-09-21
2026-09-22T18:29:37.317603+09:00,19275,4040715,Jalen Hurts,QB,PHI,4.44,1.68,2,9,QB3,22.0,at TEN,10,2026-09-21
2026-09-22T18:29:37.317603+09:00,15600,2577417,Dak Prescott,QB,DAL,4.52,1.73,2,10,QB4,21.3,vs. WAS,14,2026-09-21
2026-09-22T18:29:37.317603+09:00,19797,4361741,Brock Purdy,QB,SF,5.42,1.71,2,12,QB5,20.9,vs. MIA,8,2026-09-21
2026-09-22T18:29:37.317603+09:00,23084,4431611,Caleb Williams,QB,CHI,5.63,2.51,2,18,QB6,20.5,vs. MIN,10,2026-09-21
2026-09-22T18:29:37.317603+09:00,22902,4426348,Jayden Daniels,QB,WAS,6.11,1.66,2,12,QB7,20.0,at DAL,7,2026-09-21
2026-09-22T18:29:37.317603+09:00,18635,4038941,Justin Herbert,QB,LAC,9.76,2.48,4,18,QB8,19.5,vs. LV,7,2026-09-21
2026-09-22T18:29:37.317603+09:00,19780,4360310,Trevor Lawrence,QB,JAC,11.04,2.88,5,20,QB9,19.1,at DEN,7,2026-09-21
2026-09-22T18:29:37.317603+09:00,23046,4431452,Drake Maye,QB,NE,11.05,2.56,4,18,QB10,18.7,vs. PIT,11,2026-09-21
2026-09-22T18:29:37.317603+09:00,23160,4689114,Jaxson Dart,QB,NYG,11.49,2.66,4,19,QB11,18.4,at LAR,8,2026-09-21
2026-09-22T18:29:37.317603+09:00,16413,3139477,Patrick Mahomes,QB,KC,11.86,3.01,5,20,QB12,18.1,vs. IND,5,2026-09-21
2026-09-22T18:29:37.317603+09:00,19196,3915511,Joe Burrow,QB,CIN,12.28,3.24,6,19,QB13,17.9,at HOU,6,2026-09-21
2026-09-22T18:29:37.317603+09:00,15501,3046779,Jared Goff,QB,DET,12.67,2.54,6,18,QB14,17.7,at BUF,6,2026-09-21
2026-09-22T18:29:37.317603+09:00,9451,12483,Matthew Stafford,QB,LAR,15.06,2.3,8,20,QB15,17.6,vs. NYG,11,2026-09-21
2026-09-22T18:29:37.317603+09:00,19246,4036378,Jordan Love,QB,GB,15.39,2.31,8,21,QB16,17.3,at NYJ,11,2026-09-21
2026-09-22T18:29:37.317603+09:00,17237,3052587,Baker Mayfield,QB,TB,15.58,3.09,6,26,QB17,17.1,vs. CLE,10,2026-09-21
2026-09-22T18:29:37.317603+09:00,22910,4426338,Bo Nix,QB,DEN,17.52,2.88,8,25,QB18,16.8,vs. JAC,10,2026-09-21
2026-09-22T18:29:37.317603+09:00,23096,4360689,Tyler Shough,QB,NO,19.75,1.84,15,26,QB19,16.5,at BAL,8,2026-09-21
2026-09-22T18:29:37.317603+09:00,22900,4685720,Bryce Young,QB,CAR,19.97,2.07,14,26,QB20,16.2,at ATL,5,2026-09-21
2026-09-22T18:29:37.317603+09:00,23071,4432577,CJ Stroud,QB,HOU,21.16,2.22,11,29,QB21,15.9,vs. CIN,8,2026-09-21
2026-09-22T18:29:37.317603+09:00,23499,4242512,Malik Willis,QB,MIA,21.9,2.5,13,32,QB22,15.7,at SF,6,2026-09-21
2026-09-22T18:29:37.317603+09:00,15520,2573079,Carson Wentz,QB,MIN,22.19,2.18,15,29,QB23,15.3,at CHI,6,2026-09-21
2026-09-22T18:29:37.317603+09:00,18232,3917792,Daniel Jones,QB,IND,24.23,1.69,17,29,QB24,14.8,at KC,13,2026-09-21
2026-09-22T18:29:37.317603+09:00,15642,2578570,Jacoby Brissett,QB,ARI,24.81,2.1,11,31,QB25,14.4,vs. SEA,14,2026-09-21
2026-09-22T18:29:37.317603+09:00,11687,15864,Geno Smith,QB,NYJ,26.44,1.9,21,31,QB26,13.9,vs. GB,13,2026-09-21
2026-09-22T18:29:37.317603+09:00,18225,3924327,Drew Lock,QB,SEA,27.02,2.06,21,32,QB27,13.4,at ARI,11,2026-09-21
2026-09-22T18:29:37.317603+09:00,9001,8439,Aaron Rodgers,QB,PIT,27.44,1.45,23,32,QB28,13.0,at NE,9,2026-09-21
2026-09-22T18:29:37.317603+09:00,11177,14880,Kirk Cousins,QB,LV,28.17,2.2,18,32,QB29,12.6,at LAC,13,2026-09-21
2026-09-22T18:29:37.317603+09:00,16398,3122840,Deshaun Watson,QB,CLE,30.06,1.72,21,32,QB30,12.2,at TB,11,2026-09-21
2026-09-22T18:29:37.317603+09:00,24755,4688380,Cam Ward,QB,TEN,30.36,1.09,26,32,QB31,11.9,vs. PHI,9,2026-09-21
2026-09-22T18:29:37.317603+09:00,16477,2972515,Cooper Rush,QB,ATL,31.61,0.88,25,33,QB32,11.8,vs. CAR,11,2026-09-21
2026-09-22T18:29:37.317603+09:00,25968,4432762,Shedeur Sanders,QB,CLE,33.46,2.46,33,54,QB33,2.9,at TB,11,2026-09-21
2026-09-22T18:29:37.317603+09:00,28013,4837248,Fernando Mendoza,QB,LV,34.58,1.07,33,37,QB34,1.3,at LAC,13,2026-09-21
2026-09-22T18:29:37.317603+09:00,28428,5344782,Jack Strand,QB,ATL,36.65,7.39,33,70,QB35,1.1,vs. CAR,11,2026-09-21
2026-09-22T18:29:37.317603+09:00,22884,4432734,Jalen Milroe,QB,SEA,41.27,11.74,34,71,QB36,0.9,at ARI,11,2026-09-21
2026-09-22T18:29:37.317603+09:00,23018,4433970,JJ McCarthy,QB,MIN,43.87,9.68,35,69,QB37,0.7,at CHI,6,2026-09-21
2026-09-22T18:29:37.317603+09:00,13890,2576980,Marcus Mariota,QB,WAS,40.69,4.58,35,50,QB38,0.5,at DAL,7,2026-09-21
2026-09-22T18:29:37.317603+09:00,9300,11252,Joe Flacco,QB,CIN,39.17,3.08,34,44,QB39,0.5,at HOU,6,2026-09-21
2026-09-22T18:29:37.317603+09:00,13891,2969939,Jameis Winston,QB,NYG,42.08,4.25,39,55,QB40,0.5,at LAR,8,2026-09-21
2026-09-22T18:29:37.317603+09:00,20156,4241464,Mac Jones,QB,SF,42.58,2.84,37,48,QB41,0.5,vs. MIA,8,2026-09-21
2026-09-22T18:29:37.317603+09:00,20082,4383351,Trey Lance,QB,LAC,46.42,6.89,36,58,QB42,0.5,vs. LV,7,2026-09-21
2026-09-22T18:29:37.317603+09:00,24347,4429084,Anthony Richardson,QB,IND,46,8.75,39,67,QB43,0.4,at KC,13,2026-09-21
2026-09-22T18:29:37.317603+09:00,24361,4685413,Cade Klubnik,QB,NYJ,47.36,6.57,39,59,QB44,0.4,vs. GB,13,2026-09-21
2026-09-22T18:29:37.317603+09:00,19781,4362887,Justin Fields,QB,KC,44.2,5.13,36,56,QB45,0.4,vs. IND,5,2026-09-21
2026-09-22T18:29:37.317603+09:00,18562,4038524,Gardner Minshew,QB,ARI,48.27,5.94,43,62,QB46,0.4,vs. SEA,14,2026-09-21
2026-09-22T18:29:37.317603+09:00,9907,14012,Andy Dalton,QB,PHI,44.89,5.72,36,52,QB47,0.4,at TEN,10,2026-09-21
2026-09-22T18:29:37.317603+09:00,18604,3892775,Jarrett Stidham,QB,DEN,49.8,4.4,44,59,QB48,0.4,vs. JAC,10,2026-09-21
2026-09-22T18:29:37.317603+09:00,23066,4433971,Kyle McCord,QB,MIA,50.44,2.22,47,55,QB49,0.4,at SF,6,2026-09-21
2026-09-22T18:29:37.317603+09:00,17234,3116407,Mason Rudolph,QB,PIT,50.89,2.23,47,55,QB50,0.4,at NE,9,2026-09-21
2026-09-22T18:29:37.317603+09:00,22799,4242546,Davis Mills,QB,HOU,52,12.31,40,84,QB51,0.4,vs. CIN,8,2026-09-21
2026-09-22T18:29:37.317603+09:00,23081,4426339,Spencer Rattler,QB,NO,52.22,2.53,47,55,QB52,0.4,at BAL,8,2026-09-21
2026-09-22T18:29:37.317603+09:00,23045,4426875,Sam Howell,QB,DAL,52.89,4.01,46,60,QB53,0.4,vs. WAS,14,2026-09-21
2026-09-22T18:29:37.317603+09:00,10007,14163,Tyrod Taylor,QB,GB,58,4.92,52,69,QB54,0.4,at NYJ,11,2026-09-21
2026-09-22T18:29:37.317603+09:00,25368,4685522,Ty Simpson,QB,LAR,55.44,10.79,43,78,QB55,0.4,vs. NYG,11,2026-09-21
2026-09-22T18:29:37.317603+09:00,16381,3039707,Mitchell Trubisky,QB,TEN,56.33,8.15,40,67,QB56,0.4,vs. PHI,9,2026-09-21
2026-09-22T18:29:37.317603+09:00,25321,4434153,Tyson Bagent,QB,CHI,57.44,3.62,52,63,QB57,0.4,vs. MIN,10,2026-09-21
2026-09-22T18:29:37.317603+09:00,26060,4596472,Jalon Daniels,QB,TB,56,2.65,51,60,QB58,0.4,vs. CLE,10,2026-09-21
2026-09-22T18:29:37.317603+09:00,22722,4240703,Kenny Pickett,QB,CAR,57.5,4.96,47,61,QB59,0.3,at ATL,5,2026-09-21
2026-09-22T18:29:37.317603+09:00,25746,4240391,Tommy DeVito,QB,NE,64.88,5.86,60,80,QB60,0.3,vs. PIT,11,2026-09-21
2026-09-22T18:29:37.317603+09:00,16417,3044720,Joshua Dobbs,QB,DET,58.83,7.1,45,66,QB61,0.3,at BUF,6,2026-09-21
2026-09-22T18:29:37.317603+09:00,19297,4035671,Tyler Huntley,QB,BAL,58.83,4.6,50,65,QB62,0.3,vs. NO,13,2026-09-21
2026-09-22T18:29:37.317603+09:00,17869,3115293,Kyle Allen,QB,BUF,60.2,6.58,48,66,QB63,0.2,vs. DET,7,2026-09-21
2026-09-22T18:29:37.317603+09:00,24332,4240858,Hendon Hooker,QB,TEN,63.6,14.04,45,76,QB64,0.2,vs. PHI,9,2026-09-21
2026-09-22T18:29:37.317603+09:00,16726,3059989,Nick Mullens,QB,JAC,64.8,9.45,46,71,QB65,0.2,at DEN,7,2026-09-21
2026-09-22T18:29:37.317603+09:00,25972,4429955,Will Howard,QB,PIT,66.2,6.58,60,79,QB66,0.2,at NE,9,2026-09-21
2026-09-22T18:29:37.317603+09:00,12208,16760,Jimmy Garoppolo,QB,LAR,68.8,11.07,51,86,QB67,0.1,vs. NYG,11,2026-09-21
2026-09-22T18:29:37.317603+09:00,25967,4360698,Joe Milton,QB,DAL,70,2.61,65,72,QB68,0.1,vs. WAS,14,2026-09-21
2026-09-22T18:29:37.317603+09:00,23927,4259553,Stetson Bennett,QB,LAR,67.25,6.53,56,72,QB69,0.0,vs. NYG,11,2026-09-21
2026-09-22T18:29:37.317603+09:00,24698,4361653,Devin Leary,QB,FA,59,18,41,77,QB70,0.0,,NA,2026-09-21
2026-09-22T18:29:37.317603+09:00,27580,4573398,Max Brosmer,QB,MIN,72.5,7.23,62,81,QB71,0.0,at CHI,6,2026-09-21
2026-09-22T18:29:37.317603+09:00,19800,4034946,Kyle Trask,QB,FA,63.5,14.5,49,78,QB72,0.0,,NA,2026-09-21
2026-09-22T18:29:37.317603+09:00,24728,4243322,Jake Haener,QB,NYG,72,7.79,63,82,QB73,0.0,at LAR,8,2026-09-21
2026-09-22T18:29:37.317603+09:00,24575,4044111,Chris Oladokun,QB,FA,71.5,8.5,63,80,QB75,0.0,,NA,2026-09-21
2026-09-22T18:29:37.317603+09:00,18557,3886812,Jake Browning,QB,FA,78.5,4.5,74,83,QB76,0.0,,NA,2026-09-21
2026-09-22T18:29:37.317603+09:00,11686,15948,Matt Barkley,QB,FA,82.5,1.5,81,84,QB77,0.0,,NA,2026-09-21
2026-09-22T18:29:37.317603+09:00,23028,4362874,Matt Corral,QB,FA,83.5,1.5,82,85,QB78,0.0,,NA,2026-09-21
2026-09-22T18:29:37.317603+09:00,22968,4429795,Jahmyr Gibbs,RB,DET,1.39,0.78,1,6,RB1,25.0,at BUF,6,2026-09-21
2026-09-22T18:29:37.317603+09:00,23133,4430807,Bijan Robinson,RB,ATL,1.88,0.63,1,5,RB2,23.2,vs. CAR,11,2026-09-21
2026-09-22T18:29:37.317603+09:00,16393,3117251,Christian McCaffrey,RB,SF,3.35,1.08,1,7,RB3,20.5,vs. MIA,8,2026-09-21
2026-09-22T18:29:37.317603+09:00,15514,3043078,Derrick Henry,RB,BAL,4.95,1.91,1,12,RB4,18.3,vs. NO,13,2026-09-21
2026-09-22T18:29:37.317603+09:00,23021,4567048,Kenneth Walker,RB,KC,5.05,1.79,2,12,RB5,17.7,vs. IND,5,2026-09-21
2026-09-22T18:29:37.317603+09:00,19217,4242335,Jonathan Taylor,RB,IND,6.61,1.82,3,13,RB6,17.6,at KC,13,2026-09-21
2026-09-22T18:29:37.317603+09:00,25989,4890973,Ashton Jeanty,RB,LV,6.77,1.63,5,15,RB7,17.3,at LAC,13,2026-09-21
2026-09-22T18:29:37.317603+09:00,22958,4379399,James Cook,RB,BUF,8.29,1.47,3,14,RB8,17.2,vs. DET,7,2026-09-21
2026-09-22T18:29:37.317603+09:00,17240,3929630,Saquon Barkley,RB,PHI,8.92,2.11,3,18,RB9,17.0,at TEN,10,2026-09-21
2026-09-22T18:29:37.317603+09:00,22739,4361579,Javonte Williams,RB,DAL,10.42,2.14,6,19,RB10,17.0,vs. WAS,14,2026-09-21
2026-09-22T18:29:37.317603+09:00,23136,4429160,DeVon Achane,RB,MIA,11.39,2.53,5,20,RB11,16.8,at SF,6,2026-09-21
2026-09-22T18:29:37.317603+09:00,25324,4362238,Chase Brown,RB,CIN,12.39,2.06,6,19,RB12,15.4,at HOU,6,2026-09-21
2026-09-22T18:29:37.317603+09:00,25395,4685382,Omarion Hampton,RB,LAC,12.82,2.39,7,18,RB13,15.3,vs. LV,7,2026-09-21
2026-09-22T18:29:37.317603+09:00,22982,4427366,Breece Hall,RB,NYJ,14.79,2.17,7,21,RB14,14.8,vs. GB,13,2026-09-21
2026-09-22T18:29:37.317603+09:00,23059,4430737,Kyren Williams,RB,LAR,15.25,2.49,7,22,RB15,14.7,vs. NYG,11,2026-09-21
2026-09-22T18:29:37.317603+09:00,19210,4259545,DAndre Swift,RB,CHI,16.17,2.74,8,23,RB16,14.4,vs. MIN,10,2026-09-21
2026-09-22T18:29:37.317603+09:00,25981,4596448,Bucky Irving,RB,TB,16.51,2.45,10,24,RB17,14.2,vs. CLE,10,2026-09-21
2026-09-22T18:29:37.317603+09:00,18239,4035538,David Montgomery,RB,HOU,17.54,2.51,8,24,RB18,14.1,vs. CIN,8,2026-09-21
2026-09-22T18:29:37.317603+09:00,16673,3042519,Aaron Jones,RB,MIN,19.8,4.7,10,33,RB19,13.8,at CHI,6,2026-09-21
2026-09-22T18:29:37.317603+09:00,27166,4696981,Cam Skattebo,RB,NYG,20.24,2.12,13,25,RB20,13.7,at LAR,8,2026-09-21
2026-09-22T18:29:37.317603+09:00,22726,4569173,Rhamondre Stevenson,RB,NE,21.56,2.31,16,29,RB21,13.4,vs. PIT,11,2026-09-21
2026-09-22T18:29:37.317603+09:00,19792,4241416,Chuba Hubbard,RB,CAR,21.68,2.5,15,32,RB22,12.5,at ATL,5,2026-09-21
2026-09-22T18:29:37.317603+09:00,19231,4239996,Travis Etienne,RB,NO,23.48,2.45,15,29,RB23,12.4,at BAL,8,2026-09-21
2026-09-22T18:29:37.317603+09:00,25403,4870808,Jeremiyah Love,RB,ARI,23.52,3.49,14,32,RB24,12.2,vs. SEA,14,2026-09-21
2026-09-22T18:29:37.317603+09:00,27329,4685512,Jadarian Price,RB,SEA,24.31,2.11,18,30,RB25,12.1,at ARI,11,2026-09-21
2026-09-22T18:29:37.317603+09:00,24209,4569987,Jaylen Warren,RB,PIT,26.58,2,17,34,RB26,12.0,at NE,9,2026-09-21
2026-09-22T18:29:37.317603+09:00,27297,4882093,Bhayshul Tuten,RB,JAC,27.33,3.11,17,37,RB27,11.7,at DEN,7,2026-09-21
2026-09-22T18:29:37.317603+09:00,25391,4685702,Quinshon Judkins,RB,CLE,27.67,2.93,16,36,RB28,11.4,at TB,11,2026-09-21
2026-09-22T18:29:37.317603+09:00,19245,4241985,JK Dobbins,RB,DEN,29.97,3.4,22,39,RB29,10.9,vs. JAC,10,2026-09-21
2026-09-22T18:29:37.317603+09:00,23118,4429023,MarShawn Lloyd,RB,GB,30.42,4.21,22,45,RB30,10.8,at NYJ,11,2026-09-21
2026-09-22T18:29:37.317603+09:00,27316,4575131,Jacory Croskey-Merritt,RB,WAS,30.44,3.35,24,41,RB31,10.3,at DAL,7,2026-09-21
2026-09-22T18:29:37.317603+09:00,19647,4038815,Rico Dowdle,RB,PIT,33.48,2.74,21,39,RB32,10.1,at NE,9,2026-09-21
2026-09-22T18:29:37.317603+09:00,23310,4371733,Kenny Gainwell,RB,TB,33.8,3.84,25,46,RB33,10.1,vs. CLE,10,2026-09-21
2026-09-22T18:29:37.317603+09:00,27131,4608686,Kyle Monangai,RB,CHI,34.15,3.34,26,42,RB34,10.0,vs. MIN,10,2026-09-21
2026-09-22T18:29:37.317603+09:00,18705,3916148,Tony Pollard,RB,TEN,34.65,2.8,25,43,RB35,9.9,vs. PHI,9,2026-09-21
2026-09-22T18:29:37.317603+09:00,23065,4432710,TreVeyon Henderson,RB,NE,37.39,6.39,21,77,RB36,9.7,vs. PIT,11,2026-09-21
2026-09-22T18:29:37.317603+09:00,24172,4373626,Tyler Allgeier,RB,ARI,38.18,3.67,27,51,RB37,9.3,vs. SEA,14,2026-09-21
2026-09-22T18:29:37.317603+09:00,23013,4429096,Blake Corum,RB,LAR,38.28,3.33,30,50,RB38,9.0,vs. NYG,11,2026-09-21
2026-09-22T18:29:37.317603+09:00,23891,4697815,Rachaad White,RB,WAS,39.05,3.27,31,52,RB39,8.9,at DAL,7,2026-09-21
2026-09-22T18:29:37.317603+09:00,28401,4696044,Kaelon Black,RB,SF,39.32,3.05,29,48,RB40,8.6,vs. MIA,8,2026-09-21
2026-09-22T18:29:37.317603+09:00,27520,4429059,Woody Marks,RB,HOU,41.32,3.4,34,55,RB41,8.1,vs. CIN,8,2026-09-21
2026-09-22T18:29:37.317603+09:00,25323,4428557,Tyjae Spears,RB,TEN,41.64,4.37,30,58,RB42,7.6,vs. PHI,9,2026-09-21
2026-09-22T18:29:37.317603+09:00,26148,4678008,Jonathon Brooks,RB,CAR,42,3.83,34,54,RB43,7.6,at ATL,5,2026-09-21
2026-09-22T18:29:37.317603+09:00,22986,4362619,Chris Rodriguez,RB,JAC,45.57,3.37,39,56,RB44,7.5,at DEN,7,2026-09-21
2026-09-22T18:29:37.317603+09:00,22915,4429835,George Holani,RB,SEA,46.15,4.49,35,67,RB45,7.1,at ARI,11,2026-09-21
2026-09-22T18:29:37.317603+09:00,25360,4596334,Keaton Mitchell,RB,LAC,46.92,2.83,38,58,RB46,6.9,vs. LV,7,2026-09-21
2026-09-22T18:29:37.317603+09:00,25823,3149687,Chris Brooks,RB,GB,48.47,5.27,35,73,RB47,6.2,at NYJ,11,2026-09-21
2026-09-22T18:29:37.317603+09:00,24346,4685247,Braelon Allen,RB,NYJ,49.09,3.22,43,63,RB48,6.2,vs. GB,13,2026-09-21
2026-09-22T18:29:37.317603+09:00,28107,4832955,Emmett Johnson,RB,KC,50.97,3.36,42,60,RB49,6.1,vs. IND,5,2026-09-21
2026-09-22T18:29:37.317603+09:00,18256,4038441,Justice Hill,RB,BAL,49.97,4.2,35,69,RB50,6.1,vs. NO,13,2026-09-21
2026-09-22T18:29:37.317603+09:00,28108,4686658,Mike Washington,RB,LV,52.21,4.53,41,77,RB51,5.8,at LAC,13,2026-09-21
2026-09-22T18:29:37.317603+09:00,16421,3054850,Alvin Kamara,RB,NO,50.95,7.8,33,90,RB52,5.8,at BAL,8,2026-09-21
2026-09-22T18:29:37.317603+09:00,20094,4241474,Brian Robinson,RB,ATL,53.59,3.02,44,61,RB53,5.7,vs. CAR,11,2026-09-21
2026-09-22T18:29:37.317603+09:00,27320,4702555,Jonah Coleman,RB,DEN,54.08,7.03,38,95,RB54,5.4,vs. JAC,10,2026-09-21
2026-09-22T18:29:37.317603+09:00,18280,4040761,Devin Singletary,RB,NYG,54.72,5.48,46,75,RB55,5.2,at LAR,8,2026-09-21
2026-09-22T18:29:37.317603+09:00,16423,3116389,Samaje Perine,RB,CIN,54.64,3.38,47,74,RB56,5.1,at HOU,6,2026-09-21
2026-09-22T18:29:37.317603+09:00,22908,4429013,Tank Bigsby,RB,PHI,58.83,4.79,48,88,RB57,5.0,at TEN,10,2026-09-21
2026-09-22T18:29:37.317603+09:00,26191,4429501,Ray Davis,RB,BUF,59.36,4.63,49,82,RB58,3.7,vs. DET,7,2026-09-21
2026-09-22T18:29:37.317603+09:00,24362,4685246,Kaytron Allen,RB,WAS,62.51,4.51,55,74,RB59,3.6,at DAL,7,2026-09-21
2026-09-22T18:29:37.317603+09:00,24351,4601080,Raheim Sanders,RB,CLE,62.64,6.82,50,90,RB60,3.4,at TB,11,2026-09-21
2026-09-22T18:29:37.317603+09:00,26355,4430968,Kimani Vidal,RB,LAC,63.95,5.86,55,94,RB61,3.4,vs. LV,7,2026-09-21
2026-09-22T18:29:37.317603+09:00,25654,4362478,Emari Demercado,RB,DAL,64,5.17,54,89,RB62,3.3,vs. WAS,14,2026-09-21
2026-09-22T18:29:37.317603+09:00,22980,4360516,Tyrone Tracy,RB,NYG,65.25,9.39,48,98,RB63,3.1,at LAR,8,2026-09-21
2026-09-22T18:29:37.317603+09:00,25885,4887558,Emanuel Wilson,RB,SEA,65.48,4.76,49,80,RB64,2.6,at ARI,11,2026-09-21
2026-09-22T18:29:37.317603+09:00,25987,4682745,Jaylen Wright,RB,MIA,66.72,4.7,58,92,RB65,2.5,at SF,6,2026-09-21
2026-09-22T18:29:37.317603+09:00,28084,4832846,Demond Claiborne,RB,MIN,68.41,11.51,40,106,RB66,2.2,at CHI,6,2026-09-21
2026-09-22T18:29:37.317603+09:00,23079,4686468,Seth McGowan,RB,IND,72.49,4.01,54,84,RB67,2.2,at KC,13,2026-09-21
2026-09-22T18:29:37.317603+09:00,26309,4912274,Sione Vaki,RB,DET,69.39,7.48,53,99,RB68,2.1,at BUF,6,2026-09-21
2026-09-22T18:29:37.317603+09:00,19302,4241457,Najee Harris,RB,NYG,69.11,9.64,51,111,RB69,2.1,at LAR,8,2026-09-21
2026-09-22T18:29:37.317603+09:00,25984,4711533,Ollie Gordon,RB,MIA,72.27,5.36,61,99,RB70,1.9,at SF,6,2026-09-21
2026-09-22T18:29:37.317603+09:00,25977,4695404,Isaiah Davis,RB,NYJ,71.73,6.16,61,98,RB71,1.8,vs. GB,13,2026-09-21
2026-09-22T18:29:37.317603+09:00,27165,4819231,Kaleb Johnson,RB,GB,74.78,7.14,56,105,RB72,1.8,at NYJ,11,2026-09-21
2026-09-22T18:29:37.317603+09:00,11798,16002,Kyle Juszczyk,RB,SF,71.96,6.77,58,97,RB73,1.7,vs. MIA,8,2026-09-21
2026-09-22T18:29:37.317603+09:00,27285,4911851,LeQuint Allen,RB,JAC,74.36,6.37,65,101,RB74,1.6,at DEN,7,2026-09-21
2026-09-22T18:29:37.317603+09:00,27259,4596602,Brashard Smith,RB,KC,73.41,6.54,62,95,RB75,1.5,vs. IND,5,2026-09-21
2026-09-22T18:29:37.317603+09:00,22930,4431545,Will Shipley,RB,PHI,75.43,8.35,57,107,RB76,1.5,at TEN,10,2026-09-21
2026-09-22T18:29:37.317603+09:00,25693,4383429,Jacob Saylors,RB,DET,79.47,6.36,60,101,RB77,1.4,at BUF,6,2026-09-21
2026-09-22T18:29:37.317603+09:00,19521,4240631,DeeJay Dallas,RB,MIN,70.34,14.17,47,99,RB78,1.3,at CHI,6,2026-09-21
2026-09-22T18:29:37.317603+09:00,25983,4690013,Rasheen Ali,RB,BAL,79.9,6.83,67,104,RB79,1.3,vs. NO,13,2026-09-21
2026-09-22T18:29:37.317603+09:00,22997,4431431,Corey Kiner,RB,NE,79.95,8.25,67,105,RB80,1.2,vs. PIT,11,2026-09-21
2026-09-22T18:29:37.317603+09:00,13924,2576336,Ameer Abdullah,RB,JAC,80,5.95,59,96,RB81,1.1,at DEN,7,2026-09-21
2026-09-22T18:29:37.317603+09:00,24901,4427728,Bam Knight,RB,ARI,81.26,7,61,97,RB82,1.1,vs. SEA,14,2026-09-21
2026-09-22T18:29:37.317603+09:00,25941,4383396,Hunter Luepke,RB,DAL,78.78,8.63,63,95,RB83,1.0,vs. WAS,14,2026-09-21
2026-09-22T18:29:37.317603+09:00,25322,4426386,Roschon Johnson,RB,CHI,84.91,5.46,68,100,RB84,1.0,vs. MIN,10,2026-09-21
2026-09-22T18:29:37.317603+09:00,26212,4429299,Tahj Brooks,RB,CIN,85,6,75,101,RB85,0.9,at HOU,6,2026-09-21
2026-09-22T18:29:37.317603+09:00,27310,4685397,Jordan James,RB,SF,88.64,7.46,72,107,RB86,0.8,vs. MIA,8,2026-09-21
2026-09-22T18:29:37.317603+09:00,23679,4430871,Sean Tucker,RB,TB,80.43,11.61,59,108,RB87,0.7,vs. CLE,10,2026-09-21
2026-09-22T18:29:37.317603+09:00,28297,5081508,Eli Heidenreich,RB,PIT,85.19,4.45,68,92,RB88,0.7,at NE,9,2026-09-21
2026-09-22T18:29:37.317603+09:00,19358,4239934,AJ Dillon,RB,CAR,86.06,9.06,61,98,RB89,0.7,at ATL,5,2026-09-21
2026-09-22T18:29:37.317603+09:00,25980,4429805,Frank Gore,RB,BUF,90.04,10.22,63,106,RB90,0.7,vs. DET,7,2026-09-21
2026-09-22T18:29:37.317603+09:00,18571,3917668,Alec Ingold,RB,LAC,86.51,4.96,64,93,RB91,0.6,vs. LV,7,2026-09-21
2026-09-22T18:29:37.317603+09:00,24343,4685555,Nicholas Singleton,RB,TEN,95.01,9.44,55,116,RB92,0.6,vs. PHI,9,2026-09-21
2026-09-22T18:29:37.317603+09:00,26194,4366963,Dylan Laube,RB,LV,88.98,7.17,68,102,RB93,0.5,at LAC,13,2026-09-21
2026-09-22T18:29:37.317603+09:00,17145,2975417,Patrick Ricard,RB,NYG,88.75,2.92,79,92,RB94,0.5,at LAR,8,2026-09-21
2026-09-22T18:29:37.317603+09:00,25876,4722893,Jaleel McLaughlin,RB,CLE,86.86,11.72,62,107,RB95,0.5,at TB,11,2026-09-21
2026-09-22T18:29:37.317603+09:00,23812,4362748,Tyler Badie,RB,DEN,77.05,11.53,61,101,RB96,0.4,vs. JAC,10,2026-09-21
2026-09-22T18:29:37.317603+09:00,24689,4367567,Julius Chestnut,RB,TEN,95.55,6.53,69,108,RB97,0.4,vs. PHI,9,2026-09-21
2026-09-22T18:29:37.317603+09:00,25396,5081999,CJ Donaldson,RB,NO,87.86,11.06,67,114,RB98,0.4,at BAL,8,2026-09-21
2026-09-22T18:29:37.317603+09:00,18748,3125107,Andrew Beck,RB,NYJ,93.57,6.21,81,109,RB100,0.4,vs. GB,13,2026-09-21
2026-09-22T18:29:37.317603+09:00,23986,4243003,Ronnie Rivers,RB,LAR,93.86,12.51,70,108,RB101,0.4,vs. NYG,11,2026-09-21
2026-09-22T18:29:37.317603+09:00,23451,3929914,Adam Prentice,RB,DEN,92.84,5.29,81,102,RB102,0.3,vs. JAC,10,2026-09-21
2026-09-22T18:29:37.317603+09:00,14191,2515270,Michael Burton,RB,CLE,96.9,3.91,89,102,RB103,0.2,at TB,11,2026-09-21
2026-09-22T18:29:37.317603+09:00,19844,4039505,Reggie Gilliam,RB,NE,103.57,5.89,86,111,RB104,0.0,vs. PIT,11,2026-09-21
2026-09-22T18:29:37.317603+09:00,26748,4373273,British Brooks,RB,HOU,99.05,4.76,86,107,RB105,0.0,vs. CIN,8,2026-09-21
2026-09-22T18:29:37.317603+09:00,27444,4568024,Josh Williams,RB,TB,102.5,7.6,84,112,RB106,0.0,vs. CLE,10,2026-09-21
2026-09-22T18:29:37.317603+09:00,28109,4713118,JMari Taylor,RB,JAC,96,10.89,82,109,RB107,0.0,at DEN,7,2026-09-21
2026-09-22T18:29:37.317603+09:00,27498,4698253,Lan Larison,RB,NE,109.5,6.52,102,125,RB108,0.0,vs. PIT,11,2026-09-21
2026-09-22T18:29:37.317603+09:00,26329,4429939,Jawhar Jordan,RB,HOU,106.5,7.47,91,117,RB109,0.0,vs. CIN,8,2026-09-21
2026-09-22T18:29:37.317603+09:00,18616,4037457,Travis Homer,RB,PIT,107.25,4.58,101,113,RB110,0.0,at NE,9,2026-09-21
2026-09-22T18:29:37.317603+09:00,27102,5081397,Dylan Sampson,RB,CLE,92,15.7,65,109,RB111,0.0,at TB,11,2026-09-21
2026-09-22T18:29:37.317603+09:00,24352,4429202,Israel Abanikanda,RB,DAL,102,7.81,94,114,RB112,0.0,vs. WAS,14,2026-09-21
2026-09-22T18:29:37.317603+09:00,24344,4685279,Jaydon Blue,RB,PHI,105.5,13.3,83,120,RB113,0.0,at TEN,10,2026-09-21
2026-09-22T18:29:37.317603+09:00,22921,4372019,Jerome Ford,RB,MIN,60.5,10.5,50,71,RB114,0.0,at CHI,6,2026-09-21
2026-09-22T18:29:37.317603+09:00,18269,4047365,Josh Jacobs,RB,GB,110.8,14.73,85,128,RB115,0.0,at NYJ,11,2026-09-21
2026-09-22T18:29:37.317603+09:00,22928,4431562,Phil Mafah,RB,NYG,100.67,3.86,97,106,RB116,0.0,at LAR,8,2026-09-21
2026-09-22T18:29:37.317603+09:00,24173,4249836,Pierre Strong,RB,GB,103,1.41,102,105,RB117,0.0,at NYJ,11,2026-09-21
2026-09-22T18:29:37.317603+09:00,16425,3059915,Kareem Hunt,RB,FA,104,18.67,78,121,RB118,0.0,,NA,2026-09-21
2026-09-22T18:29:37.317603+09:00,24369,4432545,Jabari Small,RB,DET,108,6.16,100,115,RB119,0.0,at BUF,6,2026-09-21
2026-09-22T18:29:37.317603+09:00,19449,4243315,Salvon Ahmed,RB,CHI,114.25,6.5,104,122,RB120,0.0,vs. MIN,10,2026-09-21
2026-09-22T18:29:37.317603+09:00,22763,4035886,Khalil Herbert,RB,ATL,96,15,81,111,RB121,0.0,vs. CAR,11,2026-09-21
2026-09-22T18:29:37.317603+09:00,25748,4257364,Zavier Scott,RB,CHI,111,22.63,79,127,RB122,0.0,vs. MIN,10,2026-09-21
2026-09-22T18:29:37.317603+09:00,24335,4710341,Jarquez Hunter,RB,MIA,112,7.26,102,119,RB123,0.0,at SF,6,2026-09-21
2026-09-22T18:29:37.317603+09:00,27293,4694302,Marcus Yarns,RB,FA,109.5,0.5,109,110,RB125,0.0,,NA,2026-09-21
2026-09-22T18:29:37.317603+09:00,14338,2576414,Raheem Mostert,RB,LV,117.67,3.86,114,123,RB126,0.0,at LAC,13,2026-09-21
2026-09-22T18:29:37.317603+09:00,16879,2983509,Dare Ogunbowale,RB,LV,112.5,0.5,112,113,RB127,0.0,at LAC,13,2026-09-21
2026-09-22T18:29:37.317603+09:00,23798,4372071,Hassan Haskins,RB,FA,114.5,1.5,113,116,RB128,0.0,,NA,2026-09-21
2026-09-22T18:29:37.317603+09:00,22962,4429012,Kendall Milton,RB,CIN,116.5,13.5,103,130,RB129,0.0,at HOU,6,2026-09-21
2026-09-22T18:29:37.317603+09:00,23682,4682652,Devin Neal,RB,FA,116.5,2.5,114,119,RB130,0.0,,NA,2026-09-21
2026-09-22T18:29:37.317603+09:00,17587,3125232,Nick Bawden,RB,FA,117.5,2.5,115,120,RB131,0.0,,NA,2026-09-21
2026-09-22T18:29:37.317603+09:00,23293,4245645,Gary Brightwell,RB,FA,121,3,118,124,RB132,0.0,,NA,2026-09-21
2026-09-22T18:29:37.317603+09:00,27326,4685477,Jam Miller,RB,FA,125,1,124,126,RB133,0.0,,NA,2026-09-21
2026-09-22T18:29:37.317603+09:00,23070,4430878,Jaxon Smith-Njigba,WR,SEA,2.23,1.34,1,7,WR1,21.7,at ARI,11,2026-09-21
2026-09-22T18:29:37.317603+09:00,19799,4374302,Amon-Ra St Brown,WR,DET,2.23,1.08,1,6,WR2,19.7,at BUF,6,2026-09-21
2026-09-22T18:29:37.317603+09:00,19788,4362628,JaMarr Chase,WR,CIN,3.35,1.65,1,10,WR3,19.4,at HOU,6,2026-09-21
2026-09-22T18:29:37.317603+09:00,19236,4262921,Justin Jefferson,WR,MIN,4.07,1.65,1,10,WR4,17.9,at CHI,6,2026-09-21
2026-09-22T18:29:37.317603+09:00,19202,4241389,CeeDee Lamb,WR,DAL,4.94,1.6,1,9,WR5,17.6,vs. WAS,14,2026-09-21
2026-09-22T18:29:37.317603+09:00,20111,4361370,Chris Olave,WR,NO,6.84,2.14,2,17,WR6,17.3,at BAL,8,2026-09-21
2026-09-22T18:29:37.317603+09:00,23072,4569618,Garrett Wilson,WR,NYJ,9.03,2.73,6,18,WR7,16.6,vs. GB,13,2026-09-21
2026-09-22T18:29:37.317603+09:00,22963,4426354,George Pickens,WR,DAL,9.08,2.08,5,23,WR8,16.3,vs. WAS,14,2026-09-21
2026-09-22T18:29:37.317603+09:00,19222,4241478,DeVonta Smith,WR,PHI,9.89,3.12,6,26,WR9,16.2,at TEN,10,2026-09-21
2026-09-22T18:29:37.317603+09:00,17265,3915416,DJ Moore,WR,BUF,11.74,3.96,7,38,WR10,15.8,vs. DET,7,2026-09-21
2026-09-22T18:29:37.317603+09:00,25409,4595348,Malik Nabers,WR,NYG,12.12,3.16,5,28,WR11,14.9,at LAR,8,2026-09-21
2026-09-22T18:29:37.317603+09:00,23886,4248528,Christian Watson,WR,GB,13.05,3.46,4,25,WR12,14.9,at NYJ,11,2026-09-21
2026-09-22T18:29:37.317603+09:00,12119,16737,Mike Evans,WR,SF,14.36,3.97,6,30,WR13,14.4,vs. MIA,8,2026-09-21
2026-09-22T18:29:37.317603+09:00,23113,4428331,Rashee Rice,WR,KC,14.84,4.56,5,37,WR14,14.3,vs. IND,5,2026-09-21
2026-09-22T18:29:37.317603+09:00,23106,4432620,Parker Washington,WR,JAC,16.93,4.21,6,37,WR15,14.1,at DEN,7,2026-09-21
2026-09-22T18:29:37.317603+09:00,25417,4685472,Tetairoa McMillan,WR,CAR,18.14,3.39,10,27,WR16,13.6,at ATL,5,2026-09-21
2026-09-22T18:29:37.317603+09:00,12123,16800,Davante Adams,WR,LAR,18.22,6.04,7,31,WR17,13.6,vs. NYG,11,2026-09-21
2026-09-22T18:29:37.317603+09:00,23062,4567750,Emeka Egbuka,WR,TB,19.21,3.87,10,32,WR18,13.3,vs. CLE,10,2026-09-21
2026-09-22T18:29:37.317603+09:00,19211,4239993,Tee Higgins,WR,CIN,19.58,3.43,10,33,WR19,13.1,at HOU,6,2026-09-21
2026-09-22T18:29:37.317603+09:00,23163,4426502,Drake London,WR,ATL,19.86,5.3,6,36,WR20,13.0,vs. CAR,11,2026-09-21
2026-09-22T18:29:37.317603+09:00,19790,4372016,Jaylen Waddle,WR,DEN,20.02,3.82,13,33,WR21,13.0,vs. JAC,10,2026-09-21
2026-09-22T18:29:37.317603+09:00,27016,4685278,Luther Burden,WR,CHI,23.44,4.65,12,48,WR22,12.9,vs. MIN,10,2026-09-21
2026-09-22T18:29:37.317603+09:00,18466,3121422,Terry McLaurin,WR,WAS,23.95,4.4,8,32,WR23,12.5,at DAL,7,2026-09-21
2026-09-22T18:29:37.317603+09:00,23677,4426388,Jameson Williams,WR,DET,24.46,4.24,13,33,WR24,12.5,at BUF,6,2026-09-21
2026-09-22T18:29:37.317603+09:00,26403,4695883,Jalen Coker,WR,CAR,25.98,4.38,15,44,WR25,12.3,at ATL,5,2026-09-21
2026-09-22T18:29:37.317603+09:00,18219,4047650,DK Metcalf,WR,PIT,26.59,4.86,12,42,WR26,12.1,at NE,9,2026-09-21
2026-09-22T18:29:37.317603+09:00,13981,2976212,Stefon Diggs,WR,WAS,27.43,5.01,14,50,WR27,12.0,at DAL,7,2026-09-21
2026-09-22T18:29:37.317603+09:00,16406,3116165,Chris Godwin,WR,TB,29.73,4.72,16,49,WR28,12.0,vs. CLE,10,2026-09-21
2026-09-22T18:29:37.317603+09:00,23123,4429025,Quentin Johnston,WR,LAC,31.43,4.61,20,51,WR29,11.9,vs. LV,7,2026-09-21
2026-09-22T18:29:37.317603+09:00,25411,4431299,Rome Odunze,WR,CHI,31.76,4.95,19,51,WR30,11.7,vs. MIN,10,2026-09-21
2026-09-22T18:29:37.317603+09:00,26024,4701936,Matthew Golden,WR,GB,32.09,5.78,22,54,WR31,11.3,at NYJ,11,2026-09-21
2026-09-22T18:29:37.317603+09:00,18244,3126486,Deebo Samuel,WR,SF,33.13,4.67,19,48,WR32,11.3,vs. MIA,8,2026-09-21
2026-09-22T18:29:37.317603+09:00,26122,4612826,Ladd McConkey,WR,LAC,30.8,11.52,12,66,WR33,11.3,vs. LV,7,2026-09-21
2026-09-22T18:29:37.317603+09:00,25333,4360761,Michael Wilson,WR,ARI,35.11,4.45,22,52,WR34,10.9,vs. SEA,14,2026-09-21
2026-09-22T18:29:37.317603+09:00,17253,3128429,Courtland Sutton,WR,DEN,36.7,4.81,25,51,WR35,10.7,vs. JAC,10,2026-09-21
2026-09-22T18:29:37.317603+09:00,24706,4688813,Josh Downs,WR,IND,37.28,5.65,23,55,WR36,10.6,at KC,13,2026-09-21
2026-09-22T18:29:37.317603+09:00,18598,3916433,Jakobi Meyers,WR,JAC,39.99,5.13,26,56,WR37,10.5,at DEN,7,2026-09-21
2026-09-22T18:29:37.317603+09:00,23794,4361432,Romeo Doubs,WR,NE,40.74,4.87,27,58,WR38,10.4,vs. PIT,11,2026-09-21
2026-09-22T18:29:37.317603+09:00,23180,4426515,Puka Nacua,WR,LAR,22.17,21.58,1,101,WR39,10.3,vs. NYG,11,2026-09-21
2026-09-22T18:29:37.317603+09:00,23020,4362249,Jayden Reed,WR,GB,42.81,5.39,31,64,WR40,10.1,at NYJ,11,2026-09-21
2026-09-22T18:29:37.317603+09:00,23107,4429205,Jordan Addison,WR,MIN,42.81,5.14,31,63,WR41,10.0,at CHI,6,2026-09-21
2026-09-22T18:29:37.317603+09:00,23064,4432708,Marvin Harrison,WR,ARI,42.88,6.33,28,57,WR42,9.9,vs. SEA,14,2026-09-21
2026-09-22T18:29:37.317603+09:00,23748,4373678,Khalil Shakir,WR,BUF,42.95,6.6,25,57,WR43,9.8,vs. DET,7,2026-09-21
2026-09-22T18:29:37.317603+09:00,26409,4569559,Devaughn Vele,WR,NO,44.01,7.13,26,66,WR44,9.8,at BAL,8,2026-09-21
2026-09-22T18:29:37.317603+09:00,26009,4871023,Carnell Tate,WR,TEN,44.64,6.12,32,69,WR45,9.7,vs. PHI,9,2026-09-21
2026-09-22T18:29:37.317603+09:00,23791,4360078,Alec Pierce,WR,IND,45.18,5.77,32,65,WR46,9.6,at KC,13,2026-09-21
2026-09-22T18:29:37.317603+09:00,27331,4870653,KC Concepcion,WR,CLE,45.66,6.2,33,72,WR47,9.5,at TB,11,2026-09-21
2026-09-22T18:29:37.317603+09:00,22985,4569587,WanDale Robinson,WR,TEN,46.11,5.26,34,60,WR48,9.5,vs. PHI,9,2026-09-21
2026-09-22T18:29:37.317603+09:00,23019,4683062,Xavier Worthy,WR,KC,48.38,7.23,32,66,WR49,9.3,vs. IND,5,2026-09-21
2026-09-22T18:29:37.317603+09:00,23000,4432773,Brian Thomas,WR,JAC,48.66,6.32,30,67,WR50,9.2,at DEN,7,2026-09-21
2026-09-22T18:29:37.317603+09:00,28135,4869645,Caleb Douglas,WR,MIA,49.86,6.54,31,73,WR51,9.2,at SF,6,2026-09-21
2026-09-22T18:29:37.317603+09:00,25337,4428718,Tre Tucker,WR,LV,52.92,5.43,33,76,WR52,9.2,at LAC,13,2026-09-21
2026-09-22T18:29:37.317603+09:00,27339,4832800,Denzel Boston,WR,CLE,55.98,5.77,38,70,WR53,9.1,at TB,11,2026-09-21
2026-09-22T18:29:37.317603+09:00,24354,4428850,Dontayvion Wicks,WR,PHI,53.34,7.02,27,75,WR54,8.9,at TEN,10,2026-09-21
2026-09-22T18:29:37.317603+09:00,26314,4569603,Malik Washington,WR,MIA,56.67,6.16,37,76,WR55,8.9,at SF,6,2026-09-21
2026-09-22T18:29:37.317603+09:00,22989,4429022,Kayshon Boutte,WR,HOU,56.79,7.18,30,74,WR56,8.9,vs. CIN,8,2026-09-21
2026-09-22T18:29:37.317603+09:00,11616,15818,Keenan Allen,WR,IND,56.88,5.82,43,82,WR57,8.8,at KC,13,2026-09-21
2026-09-22T18:29:37.317603+09:00,19794,4360939,Rashod Bateman,WR,BAL,56.92,10.07,32,86,WR58,8.7,vs. NO,13,2026-09-21
2026-09-22T18:29:37.317603+09:00,24357,4597500,Adonai Mitchell,WR,NYJ,59.01,5.53,41,79,WR59,8.6,vs. GB,13,2026-09-21
2026-09-22T18:29:37.317603+09:00,26215,4686612,Tre Harris,WR,LAC,61.38,6.47,40,89,WR60,8.4,vs. LV,7,2026-09-21
2026-09-22T18:29:37.317603+09:00,27211,4600981,Pat Bryant,WR,DEN,59.94,6.04,41,77,WR61,8.4,vs. JAC,10,2026-09-21
2026-09-22T18:29:37.317603+09:00,25420,4870795,Makai Lemon,WR,PHI,62.76,6.35,41,85,WR62,8.4,at TEN,10,2026-09-21
2026-09-22T18:29:37.317603+09:00,24687,4032473,Rashid Shaheed,WR,SEA,64.82,6.3,49,80,WR63,8.2,at ARI,11,2026-09-21
2026-09-22T18:29:37.317603+09:00,25304,4427095,Demario Douglas,WR,NE,62.07,9.11,36,82,WR64,8.2,vs. PIT,11,2026-09-21
2026-09-22T18:29:37.317603+09:00,24177,4382466,Jalen Nailor,WR,LV,64.76,4.45,47,80,WR65,8.1,at LAC,13,2026-09-21
2026-09-22T18:29:37.317603+09:00,25418,5081432,Antonio Williams,WR,WAS,68.08,10.3,36,117,WR66,7.9,at DAL,7,2026-09-21
2026-09-22T18:29:37.317603+09:00,27122,4586312,Jaylin Noel,WR,HOU,69.5,8.39,45,97,WR67,7.6,vs. CIN,8,2026-09-21
2026-09-22T18:29:37.317603+09:00,16489,2991662,Mack Hollins,WR,NE,66,12.14,36,103,WR68,7.5,vs. PIT,11,2026-09-21
2026-09-22T18:29:37.317603+09:00,25332,4686422,Xavier Hutchinson,WR,HOU,68.64,13.75,35,102,WR69,7.4,vs. CIN,8,2026-09-21
2026-09-22T18:29:37.317603+09:00,27994,4682648,Malachi Fields,WR,NYG,70.13,5.95,54,101,WR70,7.3,at LAR,8,2026-09-21
2026-09-22T18:29:37.317603+09:00,26398,5083754,Ryan Flournoy,WR,DAL,69.17,5.6,42,91,WR71,7.3,vs. WAS,14,2026-09-21
2026-09-22T18:29:37.317603+09:00,19201,4241463,Jerry Jeudy,WR,CLE,70.18,5.2,50,88,WR72,7.2,at TB,11,2026-09-21
2026-09-22T18:29:37.317603+09:00,16433,2977187,Cooper Kupp,WR,SEA,69.99,5.77,50,89,WR73,7.0,at ARI,11,2026-09-21
2026-09-22T18:29:37.317603+09:00,17066,3045523,Kendrick Bourne,WR,ARI,72.44,7.88,49,111,WR74,6.9,vs. SEA,14,2026-09-21
2026-09-22T18:29:37.317603+09:00,26038,4869961,Chris Bell,WR,MIA,76.8,7.28,59,106,WR75,6.8,at SF,6,2026-09-21
2026-09-22T18:29:37.317603+09:00,27224,4603186,Jack Bech,WR,LV,75.51,6.42,60,121,WR76,6.8,at LAC,13,2026-09-21
2026-09-22T18:29:37.317603+09:00,15665,3043116,Demarcus Robinson,WR,SF,79.66,10.71,56,108,WR78,6.4,vs. MIA,8,2026-09-21
2026-09-22T18:29:37.317603+09:00,28130,5220680,Ted Hurst,WR,TB,80,9.62,65,132,WR79,6.1,vs. CLE,10,2026-09-21
2026-09-22T18:29:37.317603+09:00,16081,2973405,Kalif Raymond,WR,CHI,78.11,11.19,49,125,WR80,5.9,vs. MIN,10,2026-09-21
2026-09-22T18:29:37.317603+09:00,19810,4040655,Darnell Mooney,WR,NYG,79.25,5.01,61,97,WR81,5.9,at LAR,8,2026-09-21
2026-09-22T18:29:37.317603+09:00,27446,5123663,Isaac TeSlaa,WR,DET,86.52,6.88,66,120,WR82,5.7,at BUF,6,2026-09-21
2026-09-22T18:29:37.317603+09:00,22913,4362921,Tyquan Thornton,WR,KC,84.86,6.71,67,111,WR83,5.6,vs. IND,5,2026-09-21
2026-09-22T18:29:37.317603+09:00,26019,4635008,Keon Coleman,WR,BUF,86.9,6.86,66,104,WR84,5.6,vs. DET,7,2026-09-21
2026-09-22T18:29:37.317603+09:00,23179,4430834,Jalen McMillan,WR,TB,84.56,11.84,55,165,WR85,5.4,vs. CLE,10,2026-09-21
2026-09-22T18:29:37.317603+09:00,17258,3925357,Calvin Ridley,WR,TEN,84.88,7.66,68,104,WR86,5.4,vs. PHI,9,2026-09-21
2026-09-22T18:29:37.317603+09:00,23092,4431280,Troy Franklin,WR,DEN,84.78,7.62,57,105,WR87,5.3,vs. JAC,10,2026-09-21
2026-09-22T18:29:37.317603+09:00,26039,4685261,Germie Bernard,WR,PIT,87.02,11.2,55,130,WR88,5.3,at NE,9,2026-09-21
2026-09-22T18:29:37.317603+09:00,27059,4883647,Elic Ayomanor,WR,TEN,89.25,6.41,69,122,WR89,5.3,vs. PHI,9,2026-09-21
2026-09-22T18:29:37.317603+09:00,23101,4361409,Jahan Dotson,WR,ATL,88.05,6.51,72,124,WR90,5.2,vs. CAR,11,2026-09-21
2026-09-22T18:29:37.317603+09:00,25335,4368003,Andrei Iosivas,WR,CIN,88.06,6.12,79,117,WR91,5.1,at HOU,6,2026-09-21
2026-09-22T18:29:37.317603+09:00,26136,4430034,Xavier Legette,WR,CAR,88.13,5.13,68,105,WR92,5.1,at ATL,5,2026-09-21
2026-09-22T18:29:37.317603+09:00,28129,4879276,Bryce Lance,WR,NO,88.63,8.06,71,127,WR93,5.1,at BAL,8,2026-09-21
2026-09-22T18:29:37.317603+09:00,22845,4242433,Josh Palmer,WR,BUF,95.78,10.48,70,159,WR94,4.9,vs. DET,7,2026-09-21
2026-09-22T18:29:37.317603+09:00,25419,4870612,Zachariah Branch,WR,ATL,96.56,9.06,78,134,WR95,4.8,vs. CAR,11,2026-09-21
2026-09-22T18:29:37.317603+09:00,26034,4685415,Travis Hunter,WR,JAC,96.93,8.03,76,123,WR96,4.7,at DEN,7,2026-09-21
2026-09-22T18:29:37.317603+09:00,28424,4912218,Cyrus Allen,WR,KC,100.53,10.57,82,145,WR97,4.6,vs. IND,5,2026-09-21
2026-09-22T18:29:37.317603+09:00,18864,3917914,Olamide Zaccheaus,WR,ATL,97.73,4.53,86,114,WR98,4.6,vs. CAR,11,2026-09-21
2026-09-22T18:29:37.317603+09:00,12127,16733,Odell Beckham,WR,NYG,101.15,9.05,87,144,WR99,4.4,at LAR,8,2026-09-21
2026-09-22T18:29:37.317603+09:00,15654,2576581,Chris Moore,WR,BAL,98.13,10.19,67,137,WR100,4.4,vs. NO,13,2026-09-21
2026-09-22T18:29:37.317603+09:00,28133,4685553,Brenen Thompson,WR,LAC,104.58,9.93,81,153,WR101,4.3,vs. LV,7,2026-09-21
2026-09-22T18:29:37.317603+09:00,27487,4613202,Kyle Williams,WR,NE,98.47,9.62,62,118,WR102,4.3,vs. PIT,11,2026-09-21
2026-09-22T18:29:37.317603+09:00,26379,4569371,Isaiah Williams,WR,NYJ,97.94,8.11,80,131,WR103,4.2,vs. GB,13,2026-09-21
2026-09-22T18:29:37.317603+09:00,26011,4696882,Devontez Walker,WR,BAL,93.25,12.18,65,129,WR104,4.0,vs. NO,13,2026-09-21
2026-09-22T18:29:37.317603+09:00,27449,4710855,Konata Mumpfield,WR,LAR,96.68,13.19,69,122,WR105,4.0,vs. NYG,11,2026-09-21
2026-09-22T18:29:37.317603+09:00,27463,5088338,Elijah Sarratt,WR,BAL,106.92,16.39,65,147,WR106,3.6,vs. NO,13,2026-09-21
2026-09-22T18:29:37.317603+09:00,27447,4690143,LaJohntay Wester,WR,BAL,96.41,12.75,72,129,WR107,3.6,vs. NO,13,2026-09-21
2026-09-22T18:29:37.317603+09:00,18520,3676833,KaVontae Turpin,WR,DAL,106.47,6.39,94,120,WR108,3.5,vs. WAS,14,2026-09-21
2026-09-22T18:29:37.317603+09:00,27810,5160110,Jahdae Walker,WR,CHI,109.71,9.2,95,137,WR109,3.4,vs. MIN,10,2026-09-21
2026-09-22T18:29:37.317603+09:00,27315,4431268,Chimere Dike,WR,TEN,110.98,12.08,73,131,WR110,3.3,vs. PHI,9,2026-09-21
2026-09-22T18:29:37.317603+09:00,20113,4361577,Dyami Brown,WR,WAS,104.35,9.75,84,133,WR111,3.2,at DAL,7,2026-09-21
2026-09-22T18:29:37.317603+09:00,28067,4685307,Kevin Coleman,WR,MIA,109.2,9.18,91,149,WR112,3.1,at SF,6,2026-09-21
2026-09-22T18:29:37.317603+09:00,28137,4879194,Josh Cameron,WR,JAC,110.95,9.13,98,145,WR113,3.1,at DEN,7,2026-09-21
2026-09-22T18:29:37.317603+09:00,26012,5150247,Malik Benson,WR,LV,110.54,8.97,95,138,WR114,3.1,at LAC,13,2026-09-21
2026-09-22T18:29:37.317603+09:00,25627,4386544,Xavier Smith,WR,LAR,108.67,13.89,83,141,WR115,2.7,vs. NYG,11,2026-09-21
2026-09-22T18:29:37.317603+09:00,27182,4565185,Tai Felton,WR,MIN,107.83,10.2,89,138,WR116,2.5,at CHI,6,2026-09-21
2026-09-22T18:29:37.317603+09:00,25495,4430681,Jared Wayne,WR,HOU,111.06,8.43,88,131,WR117,2.4,vs. CIN,8,2026-09-21
2026-09-22T18:29:37.317603+09:00,27147,4608810,Tez Johnson,WR,TB,117.84,10.84,94,134,WR118,2.4,vs. CLE,10,2026-09-21
2026-09-22T18:29:37.317603+09:00,27454,4602667,Jaylin Lane,WR,WAS,113.26,8.09,96,143,WR119,2.2,at DAL,7,2026-09-21
2026-09-22T18:29:37.317603+09:00,20126,4360797,Tutu Atwell,WR,LAR,115.18,16.34,91,170,WR120,2.2,vs. NYG,11,2026-09-21
2026-09-22T18:29:37.317603+09:00,26022,4597703,Tory Horton,WR,SEA,120.29,17.12,77,161,WR121,2.1,at ARI,11,2026-09-21
2026-09-22T18:29:37.317603+09:00,28132,4869748,Zavion Thomas,WR,CHI,126.83,16.82,99,161,WR122,2.1,vs. MIN,10,2026-09-21
2026-09-22T18:29:37.317603+09:00,18226,4241372,Marquise Brown,WR,PHI,122,21.78,78,165,WR123,2.0,at TEN,10,2026-09-21
2026-09-22T18:29:37.317603+09:00,28178,4384852,Dohnte Meyers,WR,CIN,120.07,12.25,78,148,WR124,1.7,at HOU,6,2026-09-21
2026-09-22T18:29:37.317603+09:00,23030,4426485,Jonathan Mingo,WR,DAL,121.36,8.35,102,146,WR125,1.6,vs. WAS,14,2026-09-21
2026-09-22T18:29:37.317603+09:00,24371,4808839,Isaiah Bond,WR,CLE,125.9,11.78,92,147,WR126,1.6,at TB,11,2026-09-21
2026-09-22T18:29:37.317603+09:00,24049,4259305,Bo Melton,WR,GB,120.88,5.54,112,129,WR127,1.4,at NYJ,11,2026-09-21
2026-09-22T18:29:37.317603+09:00,26037,5092508,Colbie Young,WR,CIN,127,11.84,107,150,WR128,1.4,at HOU,6,2026-09-21
2026-09-22T18:29:37.317603+09:00,15495,3051889,Laquon Treadwell,WR,IND,123.08,9.87,106,151,WR129,1.3,at KC,13,2026-09-21
2026-09-22T18:29:37.317603+09:00,25334,4362477,Derius Davis,WR,LAC,122.71,14.05,90,148,WR130,1.2,vs. LV,7,2026-09-21
2026-09-22T18:29:37.317603+09:00,25416,4698597,Barion Brown,WR,NO,123.67,12.87,91,144,WR131,1.1,at BAL,8,2026-09-21
2026-09-22T18:29:37.317603+09:00,25631,4360763,Brycen Tremayne,WR,CAR,128.26,5.2,122,143,WR132,0.8,at ATL,5,2026-09-21
2026-09-22T18:29:37.317603+09:00,22843,4035656,Ben Skowronek,WR,PIT,131.14,12.3,109,162,WR133,0.7,at NE,9,2026-09-21
2026-09-22T18:29:37.317603+09:00,23905,4430191,Skyy Moore,WR,GB,134.71,7.05,122,147,WR134,0.7,at NYJ,11,2026-09-21
2026-09-22T18:29:37.317603+09:00,27445,4695193,Efton Chism,WR,NE,134.86,10.69,108,157,WR135,0.6,vs. PIT,11,2026-09-21
2026-09-22T18:29:37.317603+09:00,22965,4429105,Arian Smith,WR,NYJ,136.29,9.07,117,152,WR136,0.6,vs. GB,13,2026-09-21
2026-09-22T18:29:37.317603+09:00,25289,4575665,Jacob Cowing,WR,SF,136.1,7.73,119,153,WR137,0.5,vs. MIA,8,2026-09-21
2026-09-22T18:29:37.317603+09:00,18590,4039057,LilJordan Humphrey,WR,DEN,136,14.51,116,172,WR138,0.5,vs. JAC,10,2026-09-21
2026-09-22T18:29:37.317603+09:00,22895,4567096,John Metchie,WR,CAR,138.72,14.99,111,171,WR139,0.5,at ATL,5,2026-09-21
2026-09-22T18:29:37.317603+09:00,28125,4605951,CJ Daniels,WR,LAR,139.89,14.96,112,176,WR140,0.5,vs. NYG,11,2026-09-21
2026-09-22T18:29:37.317603+09:00,27805,4430656,Myles Price,WR,MIN,140,15.39,121,187,WR141,0.5,at CHI,6,2026-09-21
2026-09-22T18:29:37.317603+09:00,19739,4241983,Cody White,WR,LV,136.59,9.31,107,150,WR142,0.5,at LAC,13,2026-09-21
2026-09-22T18:29:37.317603+09:00,27076,5082630,Jalen Royals,WR,KC,138.29,20.05,108,178,WR143,0.1,vs. IND,5,2026-09-21
2026-09-22T18:29:37.317603+09:00,27093,4683151,Deion Burks,WR,IND,142.53,10.2,119,156,WR144,0.0,at KC,13,2026-09-21
2026-09-22T18:29:37.317603+09:00,22905,4567156,Treylon Burks,WR,WAS,143.18,17.86,116,179,WR145,0.0,at DAL,7,2026-09-21
2026-09-22T18:29:37.317603+09:00,19801,4241424,Tylan Wallace,WR,CLE,145.06,8,123,157,WR146,0.0,at TB,11,2026-09-21
2026-09-22T18:29:37.317603+09:00,26626,5097554,Kameron Johnson,WR,TB,149.82,7.32,133,163,WR147,0.0,vs. CLE,10,2026-09-21
2026-09-22T18:29:37.317603+09:00,23049,4372758,Kevin Austin,WR,NO,141.8,12.19,118,165,WR148,0.0,at BAL,8,2026-09-21
2026-09-22T18:29:37.317603+09:00,27866,4715355,Darius Cooper,WR,PHI,145.8,11.31,118,164,WR149,0.0,at TEN,10,2026-09-21
2026-09-22T18:29:37.317603+09:00,22684,4369886,Chris Blair,WR,ATL,150.5,7.01,139,162,WR150,0.0,vs. CAR,11,2026-09-21
2026-09-22T18:29:37.317603+09:00,18166,3047876,KhaDarel Hodge,WR,SF,146.8,9.01,125,167,WR151,0.0,vs. MIA,8,2026-09-21
2026-09-22T18:29:37.317603+09:00,28144,4683159,Lewis Bond,WR,HOU,143.93,12.29,131,170,WR152,0.0,vs. CIN,8,2026-09-21
2026-09-22T18:29:37.317603+09:00,28435,5081338,Kaden Wetjen,WR,PIT,144.08,14.67,128,186,WR153,0.0,at NE,9,2026-09-21
2026-09-22T18:29:37.317603+09:00,17289,3123075,Braxton Berrios,WR,NYG,146.08,12.62,128,166,WR154,0.0,at LAR,8,2026-09-21
2026-09-22T18:29:37.317603+09:00,24570,4401805,Dareke Young,WR,LV,151.15,8.42,135,162,WR155,0.0,at LAC,13,2026-09-21
2026-09-22T18:29:37.317603+09:00,25468,4692835,Jalen Brooks,WR,ARI,149.58,7.1,139,162,WR156,0.0,vs. SEA,14,2026-09-21
2026-09-22T18:29:37.317603+09:00,24029,4245144,Tay Martin,WR,DET,146.18,10.17,117,156,WR157,0.0,at BUF,6,2026-09-21
2026-09-22T18:29:37.317603+09:00,25772,4372716,Nikko Remigio,WR,KC,153.73,13.62,132,185,WR158,0.0,vs. IND,5,2026-09-21
2026-09-22T18:29:37.317603+09:00,24815,5065495,Kaden Davis,WR,CHI,159.33,6.67,150,175,WR159,0.0,vs. MIN,10,2026-09-21
2026-09-22T18:29:37.317603+09:00,23196,4360739,Simi Fehoko,WR,ARI,154.8,10.06,132,169,WR160,0.0,vs. SEA,14,2026-09-21
2026-09-22T18:29:37.317603+09:00,23135,4569382,Jordan Whittington,WR,LAR,130.57,23.66,97,168,WR161,0.0,vs. NYG,11,2026-09-21
2026-09-22T18:29:37.317603+09:00,19052,3126997,Tom Kennedy,WR,DET,155.78,8.36,136,166,WR162,0.0,at BUF,6,2026-09-21
2026-09-22T18:29:37.317603+09:00,26023,4613104,Malachi Corley,WR,CLE,159,20.29,134,189,WR163,0.0,at TB,11,2026-09-21
2026-09-22T18:29:37.317603+09:00,25857,4369466,Ryan Miller,WR,MIA,159.11,11.8,135,177,WR164,0.0,at SF,6,2026-09-21
2026-09-22T18:29:37.317603+09:00,26139,4635009,J Michael Sturdivant,WR,GB,163.22,11.91,145,180,WR165,0.0,at NYJ,11,2026-09-21
2026-09-22T18:29:37.317603+09:00,27294,4708486,Jimmy Horn,WR,CLE,139.5,21.43,112,169,WR166,0.0,at TB,11,2026-09-21
2026-09-22T18:29:37.317603+09:00,19270,4039050,Devin Duvernay,WR,ARI,157.75,15.18,131,182,WR167,0.0,vs. SEA,14,2026-09-21
2026-09-22T18:29:37.317603+09:00,28140,4712579,Dillon Bell,WR,MIN,163.13,14.62,130,183,WR168,0.0,at CHI,6,2026-09-21
2026-09-22T18:29:37.317603+09:00,17528,3051738,Marquez Valdes-Scantling,WR,LAC,157.83,14.81,139,178,WR169,0.0,vs. LV,7,2026-09-21
2026-09-22T18:29:37.317603+09:00,18565,3916071,Gary Jennings,WR,LAC,161.83,8.78,150,175,WR170,0.0,vs. LV,7,2026-09-21
2026-09-22T18:29:37.317603+09:00,25287,4369863,Cedric Tillman,WR,NO,138.25,27.24,98,174,WR171,0.0,at BAL,8,2026-09-21
2026-09-22T18:29:37.317603+09:00,27337,4870847,JaKobi Lane,WR,BAL,140,41.05,97,183,WR172,0.0,vs. NO,13,2026-09-21
2026-09-22T18:29:37.317603+09:00,18585,4037235,Greg Dortch,WR,BUF,154.4,10.56,144,172,WR173,0.0,vs. DET,7,2026-09-21
2026-09-22T18:29:37.317603+09:00,26404,4429684,Anthony Gould,WR,IND,168,5.86,160,177,WR174,0.0,at KC,13,2026-09-21
2026-09-22T18:29:37.317603+09:00,24234,3926231,Britain Covey,WR,PHI,177.4,8.09,166,190,WR175,0.0,at TEN,10,2026-09-21
2026-09-22T18:29:37.317603+09:00,27453,4892576,Jamaal Pritchett,WR,NYJ,169.75,7.56,163,182,WR176,0.0,vs. GB,13,2026-09-21
2026-09-22T18:29:37.317603+09:00,18706,3916945,Darius Slayton,WR,FA,138,41,97,179,WR177,0.0,,NA,2026-09-21
2026-09-22T18:29:37.317603+09:00,19747,3929785,Nick Westbrook-Ikhine,WR,IND,156,17,139,173,WR178,0.0,at KC,13,2026-09-21
2026-09-22T18:29:37.317603+09:00,15827,2970712,KJ Maye,WR,FA,161.5,55.5,106,217,WR180,0.0,,NA,2026-09-21
2026-09-22T18:29:37.317603+09:00,27186,4431479,Ricky White,WR,SEA,161,20,141,181,WR181,0.0,at ARI,11,2026-09-21
2026-09-22T18:29:37.317603+09:00,11204,15641,Dwight Jones,WR,FA,164,54,110,218,WR182,0.0,,NA,2026-09-21
2026-09-22T18:29:37.317603+09:00,27697,4602788,Jackson Meeks,WR,DET,172.5,16.5,156,189,WR189,0.0,at BUF,6,2026-09-21
2026-09-22T18:29:37.317603+09:00,25359,4426990,Jalen Cropper,WR,NO,175.5,12.5,163,188,WR190,0.0,at BAL,8,2026-09-21
2026-09-22T18:29:37.317603+09:00,24379,4685381,Emmanuel Henderson,WR,SEA,178.5,5.5,173,184,WR191,0.0,at ARI,11,2026-09-21
2026-09-22T18:29:37.317603+09:00,16434,3121427,Curtis Samuel,WR,FA,180,6,174,186,WR192,0.0,,NA,2026-09-21
2026-09-22T18:29:37.317603+09:00,18714,3914397,Scott Miller,WR,CHI,182.5,7.5,175,190,WR193,0.0,vs. MIN,10,2026-09-21
2026-09-22T18:29:37.317603+09:00,18856,4408988,Malik Taylor,WR,FA,184,1,183,185,WR194,0.0,,NA,2026-09-21
2026-09-22T18:29:37.317603+09:00,27455,4431597,Roc Taylor,WR,FA,184.5,6.5,178,191,WR195,0.0,,NA,2026-09-21
2026-09-22T18:29:37.317603+09:00,19221,4243160,Laviska Shenault,WR,FA,189,12,177,201,WR196,0.0,,NA,2026-09-21
2026-09-22T18:29:37.317603+09:00,23883,4027873,Samori Toure,WR,FA,189,9,180,198,WR197,0.0,,NA,2026-09-21
2026-09-22T18:29:37.317603+09:00,18587,4035004,Mecole Hardman,WR,FA,189,8,181,197,WR198,0.0,,NA,2026-09-21
2026-09-22T18:29:37.317603+09:00,26397,4567506,Tahj Washington,WR,FA,189,5,184,194,WR199,0.0,,NA,2026-09-21
2026-09-22T18:29:37.317603+09:00,25336,4257188,Charlie Jones,WR,NYG,189.5,2.5,187,192,WR200,0.0,at LAR,8,2026-09-21
2026-09-22T18:29:37.317603+09:00,24134,4374187,Deven Thompkins,WR,LV,191.5,1.5,190,193,WR201,0.0,at LAC,13,2026-09-21
2026-09-22T18:29:37.317603+09:00,19359,3916204,James Proche,WR,FA,192,4,188,196,WR202,0.0,,NA,2026-09-21
2026-09-22T18:29:37.317603+09:00,25251,4692590,Jalin Hyatt,WR,NYG,192.5,7.5,185,200,WR203,0.0,at LAR,8,2026-09-21
2026-09-22T18:29:37.317603+09:00,24370,4690070,Mitchell Tinsley,WR,HOU,193.5,6.5,187,200,WR205,0.0,vs. CIN,8,2026-09-21
2026-09-22T18:29:37.317603+09:00,16427,3120348,JuJu Smith-Schuster,WR,FA,194,1,193,195,WR206,0.0,,NA,2026-09-21
2026-09-22T18:29:37.317603+09:00,25758,4427278,Xavier Gipson,WR,PHI,196,7,189,203,WR207,0.0,at TEN,10,2026-09-21
2026-09-22T18:29:37.317603+09:00,26413,4428796,Casey Washington,WR,CAR,199.5,7.5,192,207,WR209,0.0,at ATL,5,2026-09-21
2026-09-22T18:29:37.317603+09:00,18633,2310331,Tyler Johnson,WR,NYJ,200,4,196,204,WR210,0.0,vs. GB,13,2026-09-21
2026-09-22T18:29:37.317603+09:00,19219,4241802,Jalen Reagor,WR,MIA,200.5,1.5,199,202,WR211,0.0,at SF,6,2026-09-21
2026-09-22T18:29:37.317603+09:00,16443,3121409,Noah Brown,WR,FA,202.5,7.5,195,210,WR212,0.0,,NA,2026-09-21
2026-09-22T18:29:37.317603+09:00,17307,3932442,Equanimeous St Brown,WR,FA,206.5,12.5,194,219,WR213,0.0,,NA,2026-09-21
2026-09-22T18:29:37.317603+09:00,17793,3115255,Brandon Powell,WR,FA,203.5,5.5,198,209,WR214,0.0,,NA,2026-09-21
2026-09-22T18:29:37.317603+09:00,23957,4428811,Xavier Weaver,WR,FA,204.5,7.5,197,212,WR215,0.0,,NA,2026-09-21
2026-09-22T18:29:37.317603+09:00,27263,4570242,Nick Nash,WR,FA,207.5,6.5,201,214,WR216,0.0,,NA,2026-09-21
2026-09-22T18:29:37.317603+09:00,18713,3917067,Bisi Johnson,WR,FA,211.5,8.5,203,220,WR217,0.0,,NA,2026-09-21
2026-09-22T18:29:37.317603+09:00,15569,2976592,Sterling Shepard,WR,NYJ,213,9,204,222,WR218,0.0,vs. GB,13,2026-09-21
2026-09-22T18:29:37.317603+09:00,23001,4429006,Rakim Jarrett,WR,FA,208.5,2.5,206,211,WR219,0.0,,NA,2026-09-21
2026-09-22T18:29:37.317603+09:00,23438,4245131,Tim Jones,WR,JAC,218.5,13.5,205,232,WR220,0.0,at DEN,7,2026-09-21
2026-09-22T18:29:37.317603+09:00,22936,4361307,Trey McBride,TE,ARI,1.01,0.08,1,2,TE1,15.6,vs. SEA,14,2026-09-21
2026-09-22T18:29:37.317603+09:00,26006,4723086,Colston Loveland,TE,CHI,3.07,2.39,2,18,TE2,13.5,vs. MIN,10,2026-09-21
2026-09-22T18:29:37.317603+09:00,26434,4431459,Tyler Warren,TE,IND,4.26,2.23,2,14,TE3,11.8,at KC,13,2026-09-21
2026-09-22T18:29:37.317603+09:00,25247,4385690,Dalton Kincaid,TE,BUF,4.62,2.07,2,11,TE4,11.7,vs. DET,7,2026-09-21
2026-09-22T18:29:37.317603+09:00,22978,4430027,Sam LaPorta,TE,DET,6.09,2.06,2,14,TE5,11.4,at BUF,6,2026-09-21
2026-09-22T18:29:37.317603+09:00,17270,3121023,Dallas Goedert,TE,PHI,6.8,2.44,2,18,TE6,11.4,at TEN,10,2026-09-21
2026-09-22T18:29:37.317603+09:00,23781,4361050,Isaiah Likely,TE,NYG,7.92,2.47,2,15,TE7,11.3,at LAR,8,2026-09-21
2026-09-22T18:29:37.317603+09:00,25298,4572680,Tucker Kraft,TE,GB,8.26,3.18,2,16,TE8,11.1,at NYJ,11,2026-09-21
2026-09-22T18:29:37.317603+09:00,11594,15847,Travis Kelce,TE,KC,9.05,2.32,5,17,TE9,11.1,vs. IND,5,2026-09-21
2026-09-22T18:29:37.317603+09:00,17269,3116365,Mark Andrews,TE,BAL,9.68,4.01,2,18,TE10,10.8,vs. NO,13,2026-09-21
2026-09-22T18:29:37.317603+09:00,17349,3117256,Dalton Schultz,TE,HOU,11.65,3.94,4,19,TE11,10.4,vs. CIN,8,2026-09-21
2026-09-22T18:29:37.317603+09:00,16499,3040151,George Kittle,TE,SF,11.68,2.33,4,20,TE12,10.2,vs. MIA,8,2026-09-21
2026-09-22T18:29:37.317603+09:00,19562,3929645,Juwan Johnson,TE,NO,12.07,2.52,5,17,TE13,10.2,at BAL,8,2026-09-21
2026-09-22T18:29:37.317603+09:00,23056,4429086,Michael Mayer,TE,LV,12.67,3.72,6,27,TE14,10.1,at LAC,13,2026-09-21
2026-09-22T18:29:37.317603+09:00,27050,5083076,Harold Fannin,TE,CLE,14.68,2.37,8,22,TE15,10.0,at TB,11,2026-09-21
2026-09-22T18:29:37.317603+09:00,22718,4242355,Jake Ferguson,TE,DAL,16.36,2.95,9,28,TE16,9.9,vs. WAS,14,2026-09-21
2026-09-22T18:29:37.317603+09:00,20164,4360248,Kyle Pitts,TE,ATL,17.58,2.93,9,30,TE17,9.3,vs. CAR,11,2026-09-21
2026-09-22T18:29:37.317603+09:00,15561,3046439,Hunter Henry,TE,NE,18.69,2.49,12,29,TE18,8.9,vs. PIT,11,2026-09-21
2026-09-22T18:29:37.317603+09:00,25345,4430539,Brenton Strange,TE,JAC,18.93,2.41,10,29,TE19,8.8,at DEN,7,2026-09-21
2026-09-22T18:29:37.317603+09:00,20163,4361411,Pat Freiermuth,TE,PIT,19.77,2.48,14,26,TE20,8.6,at NE,9,2026-09-21
2026-09-22T18:29:37.317603+09:00,18290,4036133,TJ Hockenson,TE,MIN,19.11,3.11,8,29,TE21,8.5,at CHI,6,2026-09-21
2026-09-22T18:29:37.317603+09:00,17272,3116164,Mike Gesicki,TE,CIN,24.27,3.77,16,52,TE22,7.8,at HOU,6,2026-09-21
2026-09-22T18:29:37.317603+09:00,26335,4576297,AJ Barner,TE,SEA,24.28,2.66,18,33,TE23,7.8,at ARI,11,2026-09-21
2026-09-22T18:29:37.317603+09:00,23181,4243331,Cade Otton,TE,TB,24.13,2.65,17,36,TE24,7.6,vs. CLE,10,2026-09-21
2026-09-22T18:29:37.317603+09:00,16411,3051876,Evan Engram,TE,DEN,24.3,2.92,16,32,TE25,7.4,vs. JAC,10,2026-09-21
2026-09-22T18:29:37.317603+09:00,26055,5083315,Kenyon Sadiq,TE,NYJ,28.03,3.4,18,40,TE26,7.3,vs. GB,13,2026-09-21
2026-09-22T18:29:37.317603+09:00,23153,4367209,Greg Dulcich,TE,MIA,27.3,2.45,20,34,TE27,7.0,at SF,6,2026-09-21
2026-09-22T18:29:37.317603+09:00,16399,3123076,David Njoku,TE,LAC,27.58,3.82,18,48,TE28,7.0,vs. LV,7,2026-09-21
2026-09-22T18:29:37.317603+09:00,23091,4570037,Terrance Ferguson,TE,LAR,28.18,4.55,15,55,TE29,6.8,vs. NYG,11,2026-09-21
2026-09-22T18:29:37.317603+09:00,14104,2576925,Darren Waller,TE,CAR,30.35,3.03,18,38,TE30,6.7,at ATL,5,2026-09-21
2026-09-22T18:29:37.317603+09:00,27109,4686728,Gunnar Helm,TE,TEN,30.19,2.82,21,51,TE31,6.4,vs. PHI,9,2026-09-21
2026-09-22T18:29:37.317603+09:00,19372,4242557,Colby Parkinson,TE,LAR,29.81,4,18,40,TE32,6.0,vs. NYG,11,2026-09-21
2026-09-22T18:29:37.317603+09:00,25997,4595342,Oronde Gadsden,TE,LAC,33.25,3.15,25,48,TE33,5.6,vs. LV,7,2026-09-21
2026-09-22T18:29:37.317603+09:00,19229,4258595,Cole Kmet,TE,CHI,35.46,4.23,29,64,TE34,5.5,vs. MIN,10,2026-09-21
2026-09-22T18:29:37.317603+09:00,26005,4808766,Mason Taylor,TE,NYJ,35.13,3.27,23,45,TE35,5.1,vs. GB,13,2026-09-21
2026-09-22T18:29:37.317603+09:00,17527,4036131,Noah Fant,TE,NO,35.61,5.6,23,69,TE36,5.0,at BAL,8,2026-09-21
2026-09-22T18:29:37.317603+09:00,22967,4430802,Darnell Washington,TE,PIT,38.03,3.98,31,63,TE37,4.7,at NE,9,2026-09-21
2026-09-22T18:29:37.317603+09:00,22833,4048228,John Bates,TE,WAS,37.98,6.84,25,56,TE38,4.4,at DAL,7,2026-09-21
2026-09-22T18:29:37.317603+09:00,28154,4831959,Eli Raridon,TE,NE,43.53,7.63,27,60,TE39,4.3,vs. PIT,11,2026-09-21
2026-09-22T18:29:37.317603+09:00,16460,3054212,Jonnu Smith,TE,GB,41.38,5.15,32,64,TE40,4.1,at NYJ,11,2026-09-21
2026-09-22T18:29:37.317603+09:00,22756,4241263,Charlie Kolar,TE,LAC,41.81,6.46,32,70,TE41,4.1,vs. LV,7,2026-09-21
2026-09-22T18:29:37.317603+09:00,23104,4429148,Theo Johnson,TE,NYG,43.67,4.31,37,62,TE42,4.1,at LAR,8,2026-09-21
2026-09-22T18:29:37.317603+09:00,22795,4372780,Tommy Tremble,TE,CAR,41.88,6.21,35,73,TE43,3.9,at ATL,5,2026-09-21
2026-09-22T18:29:37.317603+09:00,18631,3930086,Dawson Knox,TE,BUF,39.86,3.89,33,52,TE44,3.9,vs. DET,7,2026-09-21
2026-09-22T18:29:37.317603+09:00,26310,4690923,Ben Sinnott,TE,WAS,42.92,6.46,31,69,TE45,3.8,at DAL,7,2026-09-21
2026-09-22T18:29:37.317603+09:00,15623,2573401,Tyler Higbee,TE,LAR,44.46,6.16,30,62,TE46,3.8,vs. NYG,11,2026-09-21
2026-09-22T18:29:37.317603+09:00,19539,4240472,Noah Gray,TE,KC,45.32,4.83,33,53,TE47,3.7,vs. IND,5,2026-09-21
2026-09-22T18:29:37.317603+09:00,23004,4678006,Elijah Arroyo,TE,SEA,48.2,6.61,30,67,TE48,3.3,at ARI,11,2026-09-21
2026-09-22T18:29:37.317603+09:00,18487,3921690,Josh Oliver,TE,MIN,48.24,8.8,35,94,TE49,3.2,at CHI,6,2026-09-21
2026-09-22T18:29:37.317603+09:00,18561,3127310,Drew Sample,TE,CIN,51.97,7.7,43,82,TE50,3.1,at HOU,6,2026-09-21
2026-09-22T18:29:37.317603+09:00,23837,4427834,Erick All,TE,CIN,53.54,5.71,42,67,TE51,3.1,at HOU,6,2026-09-21
2026-09-22T18:29:37.317603+09:00,19423,3911853,Adam Trautman,TE,DEN,54.52,7.49,41,86,TE52,3.0,vs. JAC,10,2026-09-21
2026-09-22T18:29:37.317603+09:00,27138,4683243,Mitchell Evans,TE,CAR,55.68,7.15,46,85,TE54,3.0,at ATL,5,2026-09-21
2026-09-22T18:29:37.317603+09:00,18397,3843945,Foster Moreau,TE,HOU,54.53,9.9,44,99,TE55,2.8,vs. CIN,8,2026-09-21
2026-09-22T18:29:37.317603+09:00,24238,4361516,Daniel Bellinger,TE,TEN,61.52,9.71,46,88,TE56,2.7,vs. PHI,9,2026-09-21
2026-09-22T18:29:37.317603+09:00,19501,4040612,Luke Farrell,TE,SF,55.55,7.73,43,82,TE57,2.7,vs. MIA,8,2026-09-21
2026-09-22T18:29:37.317603+09:00,26003,4360967,Brevyn Spann-Ford,TE,DAL,53.89,4.03,44,62,TE58,2.7,vs. WAS,14,2026-09-21
2026-09-22T18:29:37.317603+09:00,17508,3052897,Durham Smythe,TE,BAL,55.22,6.86,47,81,TE59,2.6,vs. NO,13,2026-09-21
2026-09-22T18:29:37.317603+09:00,28427,4686248,Nate Boerkircher,TE,JAC,58.75,6.72,45,70,TE60,2.6,at DEN,7,2026-09-21
2026-09-22T18:29:37.317603+09:00,23761,4426553,Davis Allen,TE,LAR,60.38,9.14,42,83,TE61,2.5,vs. NYG,11,2026-09-21
2026-09-22T18:29:37.317603+09:00,15581,3043275,Austin Hooper,TE,ATL,63.08,5.82,51,72,TE62,2.2,vs. CAR,11,2026-09-21
2026-09-22T18:29:37.317603+09:00,25269,4426496,Cade Stover,TE,HOU,62.68,10.15,51,101,TE63,2.1,vs. CIN,8,2026-09-21
2026-09-22T18:29:37.317603+09:00,23119,4426844,Elijah Higgins,TE,ARI,64.4,11.46,44,82,TE64,2.1,vs. SEA,14,2026-09-21
2026-09-22T18:29:37.317603+09:00,25267,4372096,Luke Schoonmaker,TE,DAL,63.61,6.98,50,83,TE65,2.1,vs. WAS,14,2026-09-21
2026-09-22T18:29:37.317603+09:00,28403,4880236,Will Kacmarek,TE,MIA,67.38,9.08,46,95,TE66,2.1,at SF,6,2026-09-21
2026-09-22T18:29:37.317603+09:00,28157,4695705,Marlin Klein,TE,HOU,64.91,12.43,42,90,TE67,2.0,vs. CIN,8,2026-09-21
2026-09-22T18:29:37.317603+09:00,25657,4362018,Blake Whiteheart,TE,CLE,64,7.32,58,90,TE68,2.0,at TB,11,2026-09-21
2026-09-22T18:29:37.317603+09:00,16579,2998565,Mo Alie-Cox,TE,IND,70.35,4.41,62,80,TE69,2.0,at KC,13,2026-09-21
2026-09-22T18:29:37.317603+09:00,23742,4361372,Jeremy Ruckert,TE,NYJ,68.62,6.89,57,89,TE70,1.9,vs. GB,13,2026-09-21
2026-09-22T18:29:37.317603+09:00,22820,4244049,Quintin Morris,TE,JAC,70.5,3.85,62,77,TE71,1.8,at DEN,7,2026-09-21
2026-09-22T18:29:37.317603+09:00,16743,3052096,Johnny Mundt,TE,PHI,72.05,4.03,64,83,TE72,1.8,at TEN,10,2026-09-21
2026-09-22T18:29:37.317603+09:00,23341,4242392,Brock Wright,TE,DET,64.71,7.61,49,81,TE73,1.7,at BUF,6,2026-09-21
2026-09-22T18:29:37.317603+09:00,19665,4035020,Charlie Woerner,TE,ATL,75.05,6.1,64,87,TE74,1.6,vs. CAR,11,2026-09-21
2026-09-22T18:29:37.317603+09:00,26576,4361088,Colson Yankoff,TE,WAS,77,6.39,66,89,TE75,1.6,at DAL,7,2026-09-21
2026-09-22T18:29:37.317603+09:00,17387,4045305,Ian Thomas,TE,LV,74.89,8.9,59,92,TE76,1.6,at LAC,13,2026-09-21
2026-09-22T18:29:37.317603+09:00,17826,3050481,Tanner Hudson,TE,CIN,70.76,5.82,61,82,TE77,1.6,at HOU,6,2026-09-21
2026-09-22T18:29:37.317603+09:00,27469,4573699,Jackson Hawes,TE,BUF,70.94,7.86,55,83,TE78,1.5,vs. DET,7,2026-09-21
2026-09-22T18:29:37.317603+09:00,22783,4239944,Hunter Long,TE,ARI,77,7.48,63,98,TE79,1.4,vs. SEA,14,2026-09-21
2026-09-22T18:29:37.317603+09:00,25881,4383440,Nate Adkins,TE,DEN,78.06,5.18,67,90,TE80,1.4,vs. JAC,10,2026-09-21
2026-09-22T18:29:37.317603+09:00,22923,4360086,Josh Whyle,TE,GB,85.1,8.97,71,100,TE81,1.4,at NYJ,11,2026-09-21
2026-09-22T18:29:37.317603+09:00,28161,4685504,Sam Roush,TE,CHI,82.26,9.41,63,105,TE82,1.2,vs. MIN,10,2026-09-21
2026-09-22T18:29:37.317603+09:00,22924,4431196,Jake Briningstool,TE,KC,79.06,6.29,66,94,TE83,1.2,vs. IND,5,2026-09-21
2026-09-22T18:29:37.317603+09:00,24561,4722908,Andrew Ogletree,TE,IND,82.89,5.88,68,90,TE84,1.2,at KC,13,2026-09-21
2026-09-22T18:29:37.317603+09:00,25469,4360290,Brayden Willis,TE,SF,80,11.21,53,98,TE85,1.2,vs. MIA,8,2026-09-21
2026-09-22T18:29:37.317603+09:00,16706,2975863,Eric Saubert,TE,SEA,83.06,3.65,76,91,TE86,1.1,at ARI,11,2026-09-21
2026-09-22T18:29:37.317603+09:00,14014,2531358,Chris Manhertz,TE,NYG,87.93,4.22,81,97,TE87,1.1,at LAR,8,2026-09-21
2026-09-22T18:29:37.317603+09:00,28155,4876132,Josh Cuevas,TE,BAL,90.5,9.7,76,109,TE88,1.1,vs. NO,13,2026-09-21
2026-09-22T18:29:37.317603+09:00,25346,4372505,Payne Durham,TE,TB,90.69,8.01,74,105,TE89,1.0,vs. CLE,10,2026-09-21
2026-09-22T18:29:37.317603+09:00,23829,4241410,Jelani Woods,TE,NYJ,91.27,7.37,79,102,TE90,1.0,vs. GB,13,2026-09-21
2026-09-22T18:29:37.317603+09:00,28163,4714379,Seydou Traore,TE,MIA,89.67,14.05,62,113,TE91,1.0,at SF,6,2026-09-21
2026-09-22T18:29:37.317603+09:00,19098,3138744,Chris Myarick,TE,LV,90.25,5.55,84,104,TE92,1.0,at LAC,13,2026-09-21
2026-09-22T18:29:37.317603+09:00,17598,3915486,Tyler Conklin,TE,DET,87.55,9.1,64,101,TE93,1.0,at BUF,6,2026-09-21
2026-09-22T18:29:37.317603+09:00,16502,2975674,Robert Tonyan,TE,PIT,93.62,4.68,80,97,TE94,1.0,at NE,9,2026-09-21
2026-09-22T18:29:37.317603+09:00,24562,4241961,Connor Heyward,TE,LV,87.3,15.14,60,108,TE95,0.9,at LAC,13,2026-09-21
2026-09-22T18:29:37.317603+09:00,26661,4430684,Treyton Welch,TE,NO,89.78,8.36,82,109,TE96,0.9,at BAL,8,2026-09-21
2026-09-22T18:29:37.317603+09:00,26922,4360978,David Martin-Robinson,TE,TEN,94.2,3.6,89,99,TE97,0.7,vs. PHI,9,2026-09-21
2026-09-22T18:29:37.317603+09:00,25756,4248557,EJ Jenkins,TE,PHI,97.09,8.58,86,115,TE98,0.7,at TEN,10,2026-09-21
2026-09-22T18:29:37.317603+09:00,28399,4685540,Carsen Ryan,TE,CLE,98.27,4.11,90,102,TE99,0.6,at TB,11,2026-09-21
2026-09-22T18:29:37.317603+09:00,28165,4890373,Bauer Sharp,TE,TB,99.27,7.35,88,114,TE101,0.5,vs. CLE,10,2026-09-21
2026-09-22T18:29:37.317603+09:00,26002,4708049,Gavin Bartholomew,TE,MIN,99.64,3.31,95,104,TE102,0.5,at CHI,6,2026-09-21
2026-09-22T18:29:37.317603+09:00,27993,4833029,Max Klare,TE,LAR,93.5,21.02,59,123,TE103,0.5,vs. NYG,11,2026-09-21
2026-09-22T18:29:37.317603+09:00,24568,4034779,Ko Kieft,TE,TB,102.36,9.26,90,124,TE104,0.5,vs. CLE,10,2026-09-21
2026-09-22T18:29:37.317603+09:00,27501,5085189,Jack Endries,TE,CIN,100.1,12.27,83,120,TE105,0.3,at HOU,6,2026-09-21
2026-09-22T18:29:37.317603+09:00,27287,4688552,Keleki Latu,TE,BUF,97.89,8.71,87,116,TE106,0.2,vs. DET,7,2026-09-21
2026-09-22T18:29:37.317603+09:00,24239,4249624,Nick Muse,TE,ATL,101.2,5.36,93,110,TE107,0.0,vs. CAR,11,2026-09-21
2026-09-22T18:29:37.317603+09:00,24331,4372026,Cameron Latu,TE,NE,100.33,7.93,93,121,TE108,0.0,vs. PIT,11,2026-09-21
2026-09-22T18:29:37.317603+09:00,25430,4702559,Oscar Delp,TE,NO,104.9,7.12,95,119,TE109,0.0,at BAL,8,2026-09-21
2026-09-22T18:29:37.317603+09:00,20081,4034948,Feleipe Franks,TE,CAR,98.57,4.2,92,104,TE110,0.0,at ATL,5,2026-09-21
2026-09-22T18:29:37.317603+09:00,25731,4243176,Brady Russell,TE,SEA,95,7.02,84,106,TE111,0.0,at ARI,11,2026-09-21
2026-09-22T18:29:37.317603+09:00,28437,4693370,Riley Nowakowski,TE,PIT,95,2.53,93,100,TE112,0.0,at NE,9,2026-09-21
2026-09-22T18:29:37.317603+09:00,27867,4569547,Nick Kallerup,TE,SEA,103.4,8.82,91,114,TE113,0.0,at ARI,11,2026-09-21
2026-09-22T18:29:37.317603+09:00,23039,4590292,Thomas Fidone,TE,NYG,101.75,29.05,52,125,TE114,0.0,at LAR,8,2026-09-21
2026-09-22T18:29:37.317603+09:00,24778,4259147,Jake Tonges,TE,SF,79.5,24.5,55,104,TE115,0.0,vs. MIA,8,2026-09-21
2026-09-22T18:29:37.317603+09:00,12233,16786,Richard Rodgers,TE,FA,90,40,50,130,TE117,0.0,,NA,2026-09-21
2026-09-22T18:29:37.317603+09:00,18757,3948283,Stephen Carlson,TE,CHI,92,39,53,131,TE119,0.0,vs. MIN,10,2026-09-21
2026-09-22T18:29:37.317603+09:00,18591,3916564,Tyree Jackson,TE,FA,91,35,56,126,TE120,0.0,,NA,2026-09-21
2026-09-22T18:29:37.317603+09:00,23167,4594749,Michael Trigg,TE,DAL,107.5,8.5,99,116,TE122,0.0,vs. WAS,14,2026-09-21
2026-09-22T18:29:37.317603+09:00,23174,4361988,James Mitchell,TE,DAL,115,3,112,118,TE123,0.0,vs. WAS,14,2026-09-21
2026-09-22T18:29:37.317603+09:00,19456,3914151,Josiah Deguara,TE,PHI,116.5,6.5,110,123,TE124,0.0,at TEN,10,2026-09-21
2026-09-22T18:29:37.317603+09:00,19389,4040774,Harrison Bryant,TE,FA,118,1,117,119,TE125,0.0,,NA,2026-09-21
2026-09-22T18:29:37.317603+09:00,15645,2576399,Nick Vannett,TE,BAL,119.5,1.5,118,121,TE126,0.0,vs. NO,13,2026-09-21
2026-09-22T18:29:37.317603+09:00,27916,4429466,Drake Dabney,TE,GB,120,5,115,125,TE127,0.0,at NYJ,11,2026-09-21
2026-09-22T18:29:37.317603+09:00,24240,4360231,Lucas Krull,TE,DEN,120,4,116,124,TE128,0.0,vs. JAC,10,2026-09-21
2026-09-22T18:29:37.317603+09:00,22971,4258248,Peyton Hendershot,TE,FA,121,7,114,128,TE129,0.0,,NA,2026-09-21
2026-09-22T18:29:37.317603+09:00,26068,3953687,Brandon Aubrey,K,DAL,1.51,1.29,1,8,K1,9.6,vs. WAS,14,2026-09-21
2026-09-22T18:29:37.317603+09:00,23901,4362081,Cameron Dicker,K,LAC,3.56,2.61,2,22,K2,8.9,vs. LV,7,2026-09-21
2026-09-22T18:29:37.317603+09:00,17575,4034949,Eddy Pineiro,K,SF,4.25,3.16,1,15,K3,8.9,vs. MIA,8,2026-09-21
2026-09-22T18:29:37.317603+09:00,15756,2971573,Kaimi Fairbairn,K,HOU,4.85,2.6,1,20,K4,8.8,vs. CIN,8,2026-09-21
2026-09-22T18:29:37.317603+09:00,26475,4686361,Cam Little,K,JAC,7.65,4.54,1,21,K6,8.7,at DEN,7,2026-09-21
2026-09-22T18:29:37.317603+09:00,14003,2473037,Jason Myers,K,SEA,8.2,3.79,3,25,K7,8.5,at ARI,11,2026-09-21
2026-09-22T18:29:37.317603+09:00,13731,17427,Cairo Santos,K,CHI,8.48,4.4,3,31,K8,8.5,vs. MIN,10,2026-09-21
2026-09-22T18:29:37.317603+09:00,16712,3055899,Harrison Butker,K,KC,10.19,2.92,3,18,K9,8.5,vs. IND,5,2026-09-21
2026-09-22T18:29:37.317603+09:00,19760,3917232,Tyler Bass,K,BUF,10.35,3.77,1,17,K10,8.5,vs. DET,7,2026-09-21
2026-09-22T18:29:37.317603+09:00,19058,3150744,Chase McLaughlin,K,TB,10.84,2.56,4,19,K11,8.1,vs. CLE,10,2026-09-21
2026-09-22T18:29:37.317603+09:00,23297,4360234,Evan McPherson,K,CIN,10.88,4.34,3,22,K12,7.9,at HOU,6,2026-09-21
2026-09-22T18:29:37.317603+09:00,26075,4689936,Jake Bates,K,DET,14.7,3.11,6,28,K15,7.5,at BUF,6,2026-09-21
2026-09-22T18:29:37.317603+09:00,16540,3050478,Jake Elliott,K,PHI,16.58,2.33,12,29,K16,7.5,at TEN,10,2026-09-21
2026-09-22T18:29:37.317603+09:00,16026,2985659,Wil Lutz,K,DEN,17.31,3,6,28,K17,7.5,vs. JAC,10,2026-09-21
2026-09-22T18:29:37.317603+09:00,26341,4567104,Will Reichard,K,MIN,18.15,3.22,5,32,K18,7.4,at CHI,6,2026-09-21
2026-09-22T18:29:37.317603+09:00,13029,17372,Chris Boswell,K,PIT,18.7,4.24,7,29,K19,7.3,at NE,9,2026-09-21
2026-09-22T18:29:37.317603+09:00,9491,10621,Nick Folk,K,ATL,22.87,2.86,12,29,K22,6.9,vs. CAR,11,2026-09-21
2026-09-22T18:29:37.317603+09:00,17420,3051909,Daniel Carlson,K,NO,23.62,2.88,17,31,K23,6.8,at BAL,8,2026-09-21
2026-09-22T18:29:37.317603+09:00,17533,3124679,Jason Sanders,K,NYJ,23.62,2.98,10,30,K24,6.8,vs. GB,13,2026-09-21
2026-09-22T18:29:37.317603+09:00,25354,4363538,Chad Ryland,K,ARI,25.57,3.44,8,30,K25,6.7,vs. SEA,14,2026-09-21
2026-09-22T18:29:37.317603+09:00,18545,4249087,Matt Gay,K,LV,26.51,2.58,18,31,K27,6.6,at LAC,13,2026-09-21
2026-09-22T18:29:37.317603+09:00,19028,3124084,Joey Slye,K,TEN,27.72,2.76,21,32,K29,6.2,vs. PHI,9,2026-09-21
2026-09-22T18:29:37.317603+09:00,23370,4243371,Riley Patterson,K,MIA,31.13,0.73,28,32,K31,6.0,at SF,6,2026-09-21
2026-09-22T18:29:37.317603+09:00,25713,4258620,Andre Szmyt,K,CLE,31.33,1.34,24,32,K32,5.9,at TB,11,2026-09-21
